WOD_COUNTRY,WOD_INSTITUTE,SEADATANET_EDMO_INSTITUTE,EDMO_CODE
UNITED STATES,US DOC NOAA ATLANTIC OCEANOGRAPHIC AND METEROLOGICAL LABORATORY (AOML)-MIAMI FL,,
FRANCE,LOCEAN (LABORATOIRE D'OCEANOGRAPHIE ET DU CLIMAT),,
UNITED STATES,TEXAS A&M UNIVERSITY; GEOCHEMICAL AND ENVIRONMENTAL RESEARCH GROUP (TAMU GERG),,
CANADA,MEMORIAL UNIVERSITY (ST. JOHN'S; NEWFOUNDLAND; CANADA),,
UNITED STATES,US DOC; NOAA; NMFS SOUTHWEST FISHERIES SCIENCE CENTER (SWFSC) (LA JOLLA; CA),,
GERMANY,FORSCHUNGSANSTALT DER BUNDESWEHR FUER WASSERSCHALL UND GEOPHYSIK; (KIEL) (FWG),,
FRANCE,SCIENTIFIC AND TECHNICAL INST OF MARINE FISHERIES (BOULOGNE-SUR-MER),,
CANADA,BEDFORD INSTITUTE OF OCEANOGRAPHY (DARTMOUTH; NOVA SCOTIA),bedford institute of oceanography,1811
MEXICO,WOODS HOLE OCEANOGRAPHIC INSTITUTE (WHOI),,
UNITED STATES,MOSS LANDING MARINE LABORATORIES OF CALIFORNIA STATE UNIVERSITIES (MLML)A,,
UNITED STATES,US DOC NOAA NMFS (BAY ST. LOUIS; MS.),,
UNITED STATES,UNIVERSITY OF WINDSOR,,
FRANCE,MEDITERRANEAN INSTITUTE OF OCEANOGRAPHY (MIO),mediterranean institute of oceanography (luminy),4490
CANADA,US NAVY SCIENTIFIC,,
FRANCE,CENTER OF SCIENTIFIC STUDIES AND RESEARCH OF BIARRITZ (BIARRITZ),,
UNITED STATES,AMERICAN TUNA BOAT ASSOCIATION,,
UNITED STATES,UNIVERSITY OF ALABAMA,,
CANADA,MARINE ECOLOGY LABORATORY (DARTMOUTH; NS),,
SWEDEN,SCRIPPS INSTITUTION OF OCEANOGRAPHY; LA JOLLA; CA,scripps institution of oceanography,1390
FINLAND,COUNSEIL INTERNATIONAL POUR L'EXPLORATION DE LA MER (ICES),,
AUSTRALIA,CLIVAR AND CARBON HYDROGRAPHIC DATA OFFICE (CCHDO),,
JAPAN,MIYA FISHERIES HIGH SCHOOL,,
MARSHALL ISLANDS,,,
DENMARK,SCRIPPS INSTITUTION OF OCEANOGRAPHY; LA JOLLA; CA,scripps institution of oceanography,1390
UNITED STATES,UNIVERSITY OF TEXAS; AUSTIN,,
PANAMA,COMMONWEALTH SCIENTIFIC AND INDUSTRIAL RESEARCH ORGANIZATION (CSIRO),commonwealth scientific and industrial research organisation,3945
TONGA,,,
JAPAN,WAKKANAI FISHERIES EXPERIMENTAL STATION,,
CANADA,CLIVAR AND CARBON HYDROGRAPHIC DATA OFFICE (CCHDO),,
SOVIET UNION,LITOVGIDROMET HYDROMETEROLOGICAL SERVICE - LITHUANIA,,
ESTONIA,TALLINN UNIVERSITY OF TECHNOLOGY (TALTECH),,
GREAT BRITAIN,SCOTTISH MARINE BIOLOGICAL ASSOCIATION MARINE STATION (MILLPORT),scottish marine biological association,2530
SOVIET UNION,PACIFIC OCEANOLOGICAL INSTITUTE (VLADIVOSTOK),,
GREAT BRITAIN,BRITISH OCEANOGRAPHIC DATA CENTER(BODC),,
SOVIET UNION,DYNALYSIS OF PRINCETON,,
UNITED STATES,SOUTH WEST RESEARCH INSTITUTE (HOUSTON; TEXAS),,
JAPAN,HOKKAIDO UNIV. FACULTY OF FISHERIES (HAKODATE),,
NORWAY,ARCTIC AND ANTARCTIC RESEARCH INSTITUTE (AARI),"arctic and antarctic research institute, roshydromet (saint-petersburg)",684
GERMANY,ALFRED WEGENER INSTITUTE BIOLOGISCHE ANSTALT HELGOLAND,,
NETHERLANDS,BRITISH OCEANOGRAPHIC DATA CENTER(BODC),,
JAPAN,AOMORI PREFECTURAL FISHERIES EXPERIMENTAL STATION,,
FRANCE,GMGEOSCIENCES MARINES,,
UNITED STATES,NEW YORK UNIVERSITY; NEW YORK,,
UNITED STATES,US DOC; NOAA; NATIONAL OCEAN SERVICE OFFICE OF COAST SURVEY (C - GS),,
UNITED STATES,US DOC; NOAA; NATIONAL OCEAN SERVICE; OFFICE OF RESPONSE AND  RESTORATION,,
GREAT BRITAIN,FEDERAL INSTITUTE FOR GEOSCIENCES AND NATURAL RESOURCES (BGR) (HANNOVER;GERMANY),"federal institute for geosciences and natural resources , hannover",1496
UNITED STATES,FLORIDA STATE UNIVERSITY;CENTER FOR OCEAN-ATMOSPHERIC PREDICTION STUDIES(COAPS),,
UNITED STATES,US NAVY SHIPS OF OPPORTUNITY,,
UNITED STATES,US NAVY UNDERSEA WARFARE CENTER (SAN DIEGO; CA),,
UNKNOWN,HYDRO DEPARTMENT (BRITISH HYDROGRAPHIC OFFICE),,
SOUTH AFRICA,OCEANOGRAPHIC RESEARCH INST UNIV. OF NATAL (NATAL),,
SOVIET UNION,ATLANTIC RESEARCH INST OF FISHING ECONOMY AND OCEANOGRAPHY (ATLANTNIRO),,
GERMANY,US DOC NOAA NMFS (WOODS HOLE; MA),,
SOVIET UNION,YAKUTSK BRANCH; AS USSR (ALMA-ALTA),,
LIBERIA,US NAVY FLEET NUMERICAL OCEANOGRAPHY CENTER (FNOC),,
JAPAN,US DOC NOAA NMFS (WOODS HOLE; MA),,
GREAT BRITAIN,US NAVY FLEET NUMERICAL OCEANOGRAPHY CENTER (FNOC),,
GREAT BRITAIN,SCIENCE APPLICATIONS INTERNATIONAL CORPORATION (SAIC) - RALEIGH; NC,,
ICELAND,INST OF OCEANOG SCIENCES DEACON LAB (IOSDL) prev NAT INST OCEANOG (WORMLEY),,
UNITED STATES,US DOC; NOAA; NOS; OFFICE OF MARINE AND AVIATION OPERATIONS (OMAO),,
SOVIET UNION,NORTH-CAUCASUS REG ADMIN OF HYDROMETEOROLOGY; ROSHYDROMET,,
JAPAN,HACHINOHE FISHERIES HIGH SCHOOL,,
JAPAN,NAGASAKI FISHERIES HIGH SCHOOL,,
KOREA; REPUBLIC OF,SOUTH KOREAN NAVY,,
NORWAY,SCRIPPS INSTITUTION OF OCEANOGRAPHY; LA JOLLA; CA,scripps institution of oceanography,1390
PANAMA,OFFICE DE LA RECHERCHE SCIENTIFIC ET TECHNIQUE OUTRE-MER (ORSTOM),,
NETHERLANDS,US NAVY FLEET NUMERICAL OCEANOGRAPHY CENTER (FNOC),,
DENMARK,US DOC NOAA NOS (ROCKVILLE; MD),,
CANADA,MARINE LAB (ZOOLOGY DEPT UNIV. OF ADELAIDE (ADELAIDE),,
COLOMBIA,US DOC NOAA ATLANTIC OCEANOGRAPHIC AND METEROLOGICAL LABORATORY (AOML)-MIAMI FL,,
TONGA,INSTITUT FRANCAIS DE RECHERCHE POUR L'EXPLOITATION DE LA MER (IFREMER) - BREST,,
KOREA; REPUBLIC OF,FISHERIES RESEARCH & DEVELOPMENT AGENCY THE REPUBLIC OF KOREA,,
NORWAY,MARINE RESEARCH INSTITUTE (MRI) (HAFRANNSOKNASTOFNUNIN) (REYKJAVIK),,
UNITED STATES,GULF STATES MARINE FISHERIES COMMISSION (GSMFC),,
CONGO; THE DEMOCRATIC REPUBLIC OF THE,,,
UNKNOWN,,,
IRELAND,,,
UNITED STATES,MOTE MARINE LAB; SARASOTA; FL,,
UNITED STATES,DYNALYSIS OF PRINCETON,,
SOVIET UNION,ARCTIC AND ANTARCTIC RESEARCH INSTITUTE (AARI),"arctic and antarctic research institute, roshydromet (saint-petersburg)",684
FRANCE,SCIENTIFIC INFORMATION SYSTEMS FOR THE SEA (SISMER),"ifremer, scientific information systems for the sea",486
JAPAN,HOKKAIDO UNIV. FACULTY OF FISHERIES OSHORO MARINE BIOLOGICAL STATION,,
UNITED STATES,NATIONAL INSTITUTE FOR ENVIRONMENTAL STUDIES,,
FRANCE,CENTRE IRD DE NOUMEA - Noumea; New Caledonia,"ird, centre de  noumea",520
FRANCE,UNIVERSITY OF PARIS VI,,
FINLAND,BRITISH MIN OF AG; FISH AND FOOD FISH EXP STN (CONWAY),,
RUSSIAN FEDERATION,,,
JAPAN,KANAGAWA PREFECTURAL FISHERIES EXPERIMENTAL STATION,,
RUSSIAN FEDERATION,MURMANSK MARINE BIOLOGICAL INSTITUTE OF ACADEMY OF SCIENCES (MMBI),,
UNITED STATES,DAUPHIN ISLAND SEA LAB (DISL),,
UNITED STATES,THE CENTER FOR COASTAL MARGIN OBSERVATION & PREDICTION (CMOP),,
SPAIN,BALEARIC ISLANDS COASTAL OBSERVING AND FORECASTING SYSTEM (SOCIB),balearic islands coastal observing and forecasting system,3410
JAPAN,HYDROGRAPHIC DIVISION MARITIME SAFETY AGENCY,,
CHILE,CHILEAN NAVY,,
UNITED STATES,GRACE PRUDENTIAL LINES (NEW YORK; NY),,
UNITED STATES,US DOC NOAA NMFS (CHARLESTON; SC),,
SOVIET UNION,SCRIPPS INSTITUTION OF OCEANOGRAPHY; LA JOLLA; CA,scripps institution of oceanography,1390
CHINA,HYDROGRAPHIC DIVISION MARITIME SAFETY AGENCY,,
GERMANY,SCIENTIFIC INFORMATION SYSTEMS FOR THE SEA (SISMER),"ifremer, scientific information systems for the sea",486
SOVIET UNION,ZAPRYBPROMRAZVEDKA WESTERN ADMIN OF FISHERIES OCEANOGRAPHY RESEARCH,,
SOVIET UNION,RUSSIAN ACADEMY OF SCIENCES,"geological institute, russian academy of sciences",2275
BARBADOS,,,
SWEDEN,OFFICE DE LA RECHERCHE SCIENTIFIC ET TECHNIQUE OUTRE-MER (ORSTOM),,
PHILIPPINES,OFFICE DE LA RECHERCHE SCIENTIFIC ET TECHNIQUE OUTRE-MER (ORSTOM),,
MEXICO,MEXICAN NAVY,,
GERMANY,US DOC NOAA NATIONAL WEATHER SERVICE,,
MISCELLANEOUS ORGANIZATION,INSTITUT FRANCAIS DE RECHERCHE POUR L'EXPLOITATION DE LA MER (IFREMER) - BREST,,
TAIWAN,NATIONAL TAIWAN UNIVERSITY,,
UNITED STATES,UNIVERSITY OF NORTH CAROLINA INST OF FISH RESEARCH; MOOREHEAD  CITY,,
JAPAN,TOKAI REGIONAL FISHERIES RESEARCH LAB (TOKYO),,
CANADA,DFO; INST. OF OCEAN SCIENCES; CLIMATE CHEMISTRY LABORATORY (SIDNEY; B. C.),,
UNITED STATES,US DOC NOAA NOS (MIAMI; FL),,
NETHERLANDS,VENING MEINESZ LABORATORY (UTRECHT),,
BELGIUM,,,
SOVIET UNION,UKRAINIAN SCIENTIFIC CENTRE OF THE ECOLOGY OF SEA (UkrSCES) (ODESSA; UKRAINE),,
FRANCE,IFREMER; DEPARTEMENT ECOLOGIE ET MODELES POUR L'HALIEUTIQUE (EMH),,
FRANCE,UNIVERSITE DE PARIS VI OBSERVATOIRE OCEANOLOGIQUE DE BANYULS,,
FRANCE,IFREMER STATION DE LORIENT,"ifremer, station de corse",1882
GERMANY,UNIV. OF TUBINGEN (TUBINGEN),,
FRANCE,ARCACHON BIOLOGICAL STATION (ARCACHON),,
UNITED STATES,US NAVY UNDERWATER ORDNANCE STATION (NEWPORT; RI),,
UNITED STATES,LOCKHEED AIRCRAFT CORP (BURBANK; CA),,
UNITED STATES,CENTRE NATIONAL POUR L'EXPLOITATION DES OCEANS (CNEXO),,
EAST GERMANY,US DOC NOAA NMFS (WOODS HOLE; MA),,
PANAMA,US NAVY SHIPS OF OPPORTUNITY,,
ECUADOR,US DOC NOAA ATLANTIC OCEANOGRAPHIC AND METEROLOGICAL LABORATORY (AOML)-MIAMI FL,,
GREAT BRITAIN,OFFICE DE LA RECHERCHE SCIENTIFIC ET TECHNIQUE OUTRE-MER (ORSTOM),,
LIBERIA,PERUVIAN NAVY,,
GREAT BRITAIN,CLIVAR AND CARBON HYDROGRAPHIC DATA OFFICE (CCHDO),,
SINGAPORE,,,
MALAYSIA,,,
GERMANY,US DOC NOAA NOS (NORFOLK; VA),,
UNITED STATES,LOUISIANA DEPARTMENT OF WILDLIFE AND FISHERIES (LDWF),,
UNITED STATES,US DOC; NOAA; NMFS; NORTHWEST FISHERIES SCIENCE CENTER (NWFSC) (NEWPORT)A,,
BRAZIL,UNIV. OF RECIFE INST OF OCEANOGRAPHY (RECIFE),,
BRAZIL,OCEANOGRAPHIC INSTITUTE OF THE UNIVERSITY OF SAO PAULO (IO-USP),,
MAURITIUS,,,
UNITED STATES,RUTGERS;THE STATE UNIV.OF NEW JERSEY; COASTAL OCEAN OBSERVATION LAB (RU COOL),,
UNITED STATES,UNIVERSITY OF MARYLAND; COLLEGE PARK,,
SOUTH AFRICA,COUNCIL FOR SCIENTIFIC & INDUSTRIAL RESEARCH (CSIR) (PRETORIA; S.AFRICA)1,,
EAST GERMANY,INST FOR SEA FISHERIES (MEERESKUNDE),,
EAST GERMANY,,,
SOVIET UNION,YugNIRO,,
SOVIET UNION,HYDROMETEROLOGY SERVICE OF THE RUSSIAN NAVY (GSVMF),,
BELGIUM,NATO SACLANT ASW RESEARCH CENTER (BELGIUM),,
BULGARIA,SCIENTIFIC INFORMATION SYSTEMS FOR THE SEA (SISMER),"ifremer, scientific information systems for the sea",486
SPAIN,UNIVERSIDAD POLYTECNICA DE CATALUNYA - BARCELONA; SPAIN,,
GERMANY,INSTITUTE FOR BIOGEOCHEMISTRY AND MARINE CHEMISTRY (HAMBURG),"institute of biogeochemistry and marine chemistry , university of hamburg",1503
JAPAN,NATIONAL RESEARCH INSTITUTE OF FAR SEAS FISHERIES (NRIFSF),national institute of fisheries research,691
SPAIN,INSTITUTO DE CIENCIAS DEL MAR (CSIC) BARCELONA,,
UNITED STATES,UNIVERSITY OF WEST FLORIDA (UWF) (PENSACOLA),,
CANADA,FISH RES BOARD OF CANADA BIOLOGICAL STATION (ST. JOHNS),,
CROATIA,SCIENTIFIC INFORMATION SYSTEMS FOR THE SEA (SISMER),"ifremer, scientific information systems for the sea",486
FRANCE,GEOSCIENCES AZUR SITE DE VILLEFRANCHE,,
FRANCE,FRENCH NAVY (MARINE NATIONALE),,
CANADA,NOVA SCOTIA RESEARCH FOUNDATION (HALIFAX; NOVA SCOTIA),,
UNITED STATES,US DOC NOAA MARINE RESOURCES (ROCKVILLE; MD),,
CHILE,TEXAS A&M UNIVERSITY; COLLEGE STATION (TAMU),,
SOUTH AFRICA,WOODS HOLE OCEANOGRAPHIC INSTITUTE (WHOI),,
SPAIN,UNIVERSIDAD DE LAS PALMAS DE GRAN CANARIA (ULPGC),,
MISCELLANEOUS ORGANIZATION,US NAVY SHIPS OF OPPORTUNITY,,
GREAT BRITAIN,US DOC NOAA NOS (ROCKVILLE; MD),,
NETHERLANDS,US DOC NOAA NOS (ROCKVILLE; MD),,
UNITED STATES,US NATIONAL AERONAUTIC AND SPACE ADMINISTRATION (NASA),,
LIBERIA,US DOC NOAA NOS (ROCKVILLE; MD),,
UNKNOWN,US DOC NOAA ATLANTIC OCEANOGRAPHIC AND METEROLOGICAL LABORATORY (AOML)-MIAMI FL,,
JAPAN,US DOC; NOAA; NMFS; ALASKA FISHERIES SCIENCE CENTER (AFSC) (SEATTLE),,
FRANCE,UNITED KINGDOM HYDROGRAPHIC OFFICE (UKHO),united kingdom hydrographic office,26
MONACO,,,
SOVIET UNION,CENTRE NATIONAL POUR L'EXPLOITATION DES OCEANS (CNEXO),,
NORWAY,,,
BRAZIL,,,
UNITED STATES,UNIVERSITY OF MASSACHUSETTS DARTMOUTH,"university of massachusetts, dartmouth",3653
UNITED STATES,UNIVERSITY OF CALIFORNIA; IMS; LA JOLLA,,
UNITED STATES,MIT DEPT OF GEOLOGY & GEOPHYSICS; CAMBRIDGE,,
UNITED STATES,US DOI GEOLOGICAL SURVEY; WOODS HOLE SCIENCE CENTER (USGS WHSC),,
UNITED STATES,RAYTHEON COMPANY (RTN),,
UNITED STATES,LOUISIANA UNIVERSITIES MARINE CONSORTIUM (LUMCON)-Chauvin; LA,,
JAPAN,KOCHI PREFECTURAL FISHERIES EXPERIMENTAL STATION,,
UNITED STATES,ALFRED WEGENER INSTITUTE FOR POLAR AND MARINE RESEARCH; BREMERHAVEN (AWI),alfred wegener institute helmholtz centre for polar and marine research,1368
JAPAN,KAGOSHIMA PREFECTURAL FISHERIES EXPERIMENTAL STATION,,
CANADA,FISH RES BOARD OF CANADA BIOLOGICAL STATION (NANAIMO),,
CANADA,DEPARTMENT OF FISHERIES AND OCEANS; INSTITUTE OF OCEAN SCIENCES (VICTORIA;B.C.),,
UNITED STATES,US DOC NOAA NMFS (HONOLULU; HI),,
GREAT BRITAIN,SECRETARIA DE MARINA; SERVICIO DE HIDROGRAFIA NAVAL,,
MEXICO,UNIV. NACIONAL DE MEXICO INST DE GEOFISICA (MEXICO CITY)1,,
ICELAND,US NAVY FLEET NUMERICAL OCEANOGRAPHY CENTER (FNOC),,
JAPAN,HOKKAIDO PREFECTURAL BOARD OF EDUCATION,,
CHILE,US DOC NOAA ATLANTIC OCEANOGRAPHIC AND METEROLOGICAL LABORATORY (AOML)-MIAMI FL,,
JAPAN,TOKUSHIMA FISHERIES HIGH SCHOOL,,
JAPAN,MUROTOMISAKI FISHERIES HIGH SCHOOL,,
YUGOSLAVIA,,,
CANADA,US NAVY FLEET NUMERICAL OCEANOGRAPHY CENTER (FNOC),,
TRINIDAD AND TOBAGO,,,
UNITED STATES,COMMONWEALTH SCIENTIFIC AND INDUSTRIAL RESEARCH ORGANIZATION (CSIRO),commonwealth scientific and industrial research organisation,3945
JAPAN,NATIONAL INSTITUTE FOR ENVIRONMENTAL STUDIES,,
UNITED STATES,WOODS HOLE OCEANOGRAPHIC INSTITUTE (WHOI),,
CANADA,DYNALYSIS OF PRINCETON,,
UKRAINE,SCIENTIFIC INFORMATION SYSTEMS FOR THE SEA (SISMER),"ifremer, scientific information systems for the sea",486
AUSTRALIA,DYNALYSIS OF PRINCETON,,
UKRAINE,MARINE HYDROPHYSICAL INSTITUTE (MHI); (SEVASTOPOL; UKRAINE),,
NETHERLANDS,NATO SACLANT ASW RESEARCH CENTER (BELGIUM),,
GREAT BRITAIN,HYDRO DEPARTMENT (BRITISH HYDROGRAPHIC OFFICE),,
UNITED STATES,US DOC NOAA NMFS (TIBURON; CA),,
CANADA,NATIONAL INSTITUTE FOR ENVIRONMENTAL STUDIES,,
UKRAINE,DEPARTMENT OF THE STATE OCEANOGRAPHIC INSTITUTE (SEVASTOPOL),,
NETHERLANDS,NETHERLANDS INSTITUTE FOR SEA RESEARCH (NIOZ),royal netherlands institute for sea research,630
TAIWAN,NATIONAL TAIWAN UNIV. INST OF FISHERY BIOLOGY (TAIPEI),,
FRANCE,IFREMER STH/LBPLABORATOIRE BIOLOGIE DES PECHERIES,,
FRANCE,ORSTOM; NEW CALEDONIA (BEFORE INDEPENDENCE),,
VENEZUELA,ESTACION DE INVESTIGACIONES MARINAS DE MARGARITA (EDIMAR),,
JAPAN,CHIBA PREFECTURAL FISHERIES EXPERIMENTAL STATION,,
FRANCE,STHDEPARTEMENT SCIENCES ET TECHNOLOGIES HALIEUTIQUES,,
UNITED STATES,FISH RES BOARD OF CANADA PACIFIC OCEANOGRAPHIC GROUP (NANAIMO),,
LITHUANIA,,,
GERMANY,GEOLOGISCH-PALAEONTOLOGISCHES INSTITUT DER UNIVERSITAET KIEL (GPIKI) (KIEL),,
NORWAY,US DOC; NOAA; NESDIS; NATIONAL OCEANOGRAPHIC DATA CENTER (NODC),,
UNITED STATES,PERUVIAN GOVERNMENT,,
UNITED STATES,PALISADES GEOPHYSICAL INST. FOR ACOUSTICAL RES.; MIAMI; FL,,
SOUTH AFRICA,UNIV. OF CAPE TOWN (RONDEBOSCH),,
JAPAN,JAPAN COAST GUARD; TENTH REGIONAL MARITIME SAFETY HEADQUARTERS,,
JAPAN,TOHOKU NATIONAL FISHERIES RESEARCH INSTITUTION; HACHINOHE,,
JAPAN,AWA FISHERIES HIGH SCHOOL,,
JAPAN,ISHIKAWA PREFECTURAL FISHERIES EXPERIMENTAL STATION,,
JAPAN,OKINAWA FISHERIES HIGH SCHOOL,,
CHILE,US DOC NOAA NOS (ROCKVILLE; MD),,
DENMARK,US DOC NOAA ATLANTIC OCEANOGRAPHIC AND METEROLOGICAL LABORATORY (AOML)-MIAMI FL,,
UNITED STATES,,,
INDIA,,,
GERMANY,ALFRED WEGENER INSTITUTE FOR POLAR AND MARINE RESEARCH; BREMERHAVEN (AWI),alfred wegener institute helmholtz centre for polar and marine research,1368
MOROCCO,,,
GREAT BRITAIN,INST OF OCEANOG SCIENCES DEACON LAB (IOSDL) prev NAT INST OCEANOG (WORMLEY),,
UNKNOWN,DYNALYSIS OF PRINCETON,,
GERMANY,DEUTSCHES HYDROGRAPHISCHE INSTITUT (HAMBURG),,
FRANCE,NATIONAL MUSEUM OF NATURAL HISTORY (PARIS),,
UNITED STATES,US DOC NOAA NMFS (AUKE BAY; AK),,
CANADA,TEXAS A&M UNIVERSITY; COLLEGE STATION (TAMU),,
CHINA,FIRST INSTITUTE OF OCEANOGRAPHY (FIO); STATE OCEANIC ADMIN. (QINGDAO),,
FRANCE,INSTITUT DE RADIOPROTECTION ET DE SURETE NUCLEAIRE,"cea, institut de  radioprotection et de surete nucleaire",1039
MISCELLANEOUS ORGANIZATION,UNITED STATES COAST GUARD (USCG),united states coast guard,3639
FRANCE,CNRS COM LABORATOIRE D'OCEANOGRAPHIE ET DE BIOGEOCHIMIE - LUMINY,,
JAPAN,MIYAZAKI PREFECTURAL FISHERIES EXPERIMENTAL STATION,,
UNITED STATES,POLAR SCIENCE CENTER; APPLIED PHYSICS LAB; UNIVERSITY OF WASHINGTON (SEATTLE),,
UNITED STATES,UNIVERSITY OF SOUTH MISSISSIPPI; GULF COAST RESEARCH LABORATORY (GCRL),,
CANADA,DALHOUSIE UNIV. INST OF OCEANOGRAPHY (HALIFAX),,
SOVIET UNION,US DOC NOAA NMFS (WOODS HOLE; MA),,
UNITED STATES,LOCKHEED-CALIF CO OCEANICS DIVISION (SAN DIEGO; CA),,
PHILIPPINES,PHILIPPIAN NAVY,,
GERMANY,CENTER FOR MARINE ENVIRONMENTAL SCIENCES (MARUM),"center for marine environmental sciences, university of bremen",1568
FRANCE,COMMONWEALTH SCIENTIFIC AND INDUSTRIAL RESEARCH ORGANIZATION (CSIRO),commonwealth scientific and industrial research organisation,3945
GERMANY,COMMONWEALTH SCIENTIFIC AND INDUSTRIAL RESEARCH ORGANIZATION (CSIRO),commonwealth scientific and industrial research organisation,3945
ITALY,US DOC NOAA ATLANTIC OCEANOGRAPHIC AND METEROLOGICAL LABORATORY (AOML)-MIAMI FL,,
UNITED STATES,TEXAS PARKS AND WILDLIFE DEPARTMENT (TPWD),,
NEW ZEALAND,NEW ZEALAND OCEANOGRAPHIC INST (WELLINGTON),,
JAPAN,SHIZUOKA FISHERY LABORATORY,,
UNITED STATES,US DOC NOAA NMFS (NARRAGANSETT; RI),,
ISRAEL,NATIONAL INSTITUTE FOR ENVIRONMENTAL STUDIES,,
CANADA,SCIENCE APPLICATIONS;INC.; BELLEVUE;WA,,
UNITED STATES,OLD DOMINION UNIVERSITY NORFOLK; VA (ODU),,
GREAT BRITAIN,PLYMOUTH LAB OF THE MARINE BIO ASSN OF THE UNITED KINGDOM (PLYMOUTH),,
INDIA,NATIONAL INST OF OCEANOGRAPHY (GOA; INDIA),,
UNITED STATES,US DOI; NPS; SOUTHEAST ALASKA INVENTORY AND MONITORING NETWORK (SEAN),,
IRELAND,BRITISH OCEANOGRAPHIC DATA CENTER(BODC),,
UNITED STATES,US NAVY RESEARCH LAB (WASHINGTON; DC),,
GREAT BRITAIN,UNIVERSITY OF EAST ANGLIA; SCHOOL OF ENVIRONMENTAL SCIENCES,"university of east anglia, school of environmental sciences",6
UNITED STATES,US DOC NOAA NESDIS,,
UNITED STATES,SAIC; MARITIME SERVICES; SAN DIEGO,,
JAPAN,MIYAGI PREFECTURAL FISHERIES EXPERIMENTAL STATION,,
FRANCE,STATION DE LA TRINITE,,
FRANCE,UNIVERSITY OF LIEGE,,
CANADA,FISHERIES & OCEANS CANADA; GULF FISHERIES CENTRE (GFC); MONCTON NB,,
NEW ZEALAND,DEFENCE SCIENTIFIC ESTABLISHMENT (AUCKLAND),,
CANADA,CANADIAN FORCES MARITIME COMMAND EAST,,
CANADA,CANADIAN FORCES MARITIME COMMAND WEST,,
UNITED STATES,US NAVY UNDERWATER SOUND LAB (NEW LONDON; CT),,
GERMANY,METEOROLOGISCHES INSTITUT DER UNIVERSITAET HAMBURG (MIHH) (HAMBURG),,
JAPAN,JAPAN COAST GUARD; FIFTH REGIONAL MARITIME SAFETY HEADQUARTERS,,
JAPAN,NATIONAL INSTITUTE OF POLAR RESEARCH (NIPR),national institute of fisheries research,691
SOVIET UNION,SPECIAL DESIGN BUREAU OF SAMI (SKB SAMI)!,,
JAPAN,MIE FISHERIES HIGH SCHOOL,,
LIBERIA,DYNALYSIS OF PRINCETON,,
SAINT VINCENT AND THEN GRENADINES,US DOC NOAA NOS (ROCKVILLE; MD),,
UNKNOWN,METEOROLOGICAL AGENCY; MARINE DIVISION (KOBE; HAKODATE; NAGASAKI),,
SAMOA; WESTERN,,,
UNITED STATES,NATIONAL INST OF OCEANOGRAPHY (GOA; INDIA),,
UNITED STATES,FLORIDA INSTITUTE OF OCEANOGRAPHY;KEY MARINE LABORATORY (KML),,
UNITED STATES,CALIFORNIA DEPT OF FISH AND GAME; PACIFIC GROVE,,
JAPAN,JAPAN SEA REGIONAL FISHERIES RESEARCH LAB (NIIGATA),,
GERMANY,WASSER UND SCHIFFAHRTSAMT (CUXHAVEN),,
UNITED STATES,UNIVERSITY OF WASHINGTON; SEATTLE,,
ITALY,,,
SAUDI ARABIA,KING ABDULLAH UNIVERSITY OF SCIENCE AND TECHNOLOGY (KAUST),,
ITALY,OSSEVATORIO GEOFISICO SPERIMENTALE (TRIESTE),,
UNITED STATES,US DOC NOAA NOS (ROCKVILLE; MD),,
JAPAN,UNIVERSITY OF ALASKA; IMS; FAIRBANKS,university of alaska fairbanks,3643
ECUADOR,HYDROGRAPHIC OCEANOGRAPHIC SERVICE (GUAYAQUIL),,
FRANCE,IFREMER; DEPARTEMENT DYNAMIQUES DE L'ENVIRONNEMENT COTIER (DYNECO),,
CANADA,UNIVERSITE LAVAL - QUEBEC CITY; QC,,
GERMANY,INST FOR SEA FISHERIES (HAMBURG-ALTONA) (ISH)  **DO NOT USE SEE CODE 82**,,
INDONESIA,COMMONWEALTH SCIENTIFIC AND INDUSTRIAL RESEARCH ORGANIZATION (CSIRO),commonwealth scientific and industrial research organisation,3945
UNITED STATES,US DOC NOAA OFFICE OF OCEAN.AND ATM.RESEARCH;OFFICE OF OCEAN EXPLOR.AND RESEARCH,,
UNITED STATES, US DOC; NOAA; NMFS;SWFSC (LA JOLLA; CA) *DO NOT USE SEE CODE 249**,,
CHINA,NATIONAL MARINE DATA AND INFORMATION SERVICE (NMDIS),,
CANADA,CANADIAN NAVY,canadian navy,3712
UNITED STATES,CENTRAL HYDROBIOLOGICAL LAB (ROME),,
UNITED STATES,AMERICAN PRESIDENT LINES (OAKLAND; CA),,
UNITED STATES,US DOC NOAA NMFS (JUNEAU; AK),,
UNITED STATES,US DOC NOAA NMFS (STANFORD; CA),,
POLAND,SEA FISHERIES INST (GDYNIA),,
MEXICO,US NAVY SHIPS OF OPPORTUNITY,,
LIBERIA,US NAVY; NAVAL POSTGRADUATE SCHOOL (NPS); (MONTEREY; CA)1,,
SOVIET UNION,DIRECTION OF THE HYDROMETSERVICE (MURMANSK),,
MALTA,,,
NETHERLANDS,US DOC NOAA NOS (LA JOLLA; CA),,
FIJI,,,
FRANCE,ORSTOM; OCEAONOGAPHIC AND FISHERIES CENTER (BRAZZAVILLE)!,,
UNITED STATES,UNIVERSITY OF DELAWARE;SCHOOL OF MARINE SCIENCE AND POLICY,university of plymouth school of marine science and engineering,3014
FRANCE,EUROPEAN SPACE AGENCY (ESA) (PARIS; FRANCE),,
SPAIN,INSTITUTO ESPANOL DE OCEANOGRAFIA (aka SPANISH INST OF OCEANOGRAPHY) (MADRID),,
AUSTRALIA,AUSTRALIAN OCEANOGRAPHIC DATA CENTER,,
ITALY,TEXAS A&M UNIVERSITY; COLLEGE STATION (TAMU),,
GREAT BRITAIN,NATIONAL OCEANOGRAPHY CENTRE; SOUTHAMPTON (NOCS),national oceanography centre (southampton),17
SPAIN,BRITISH OCEANOGRAPHIC DATA CENTER(BODC),,
GERMANY,GEOMAR INSTITUTE (merged in Jan 2004 with IFM -- see code 1193),,
FRANCE,IRD CENTRE D'ABIDJAN,"ird, centre of abidjan",1145
JAPAN,FUKUOKA PREFECTURAL FISHERIES AND MARINE TECHNOLOGY RESEARCH CENTER;BUZENKAI LA,,
UNITED STATES,KACHEMAK BAY NATIONAL ESTUARINE RESEARCH RESERVE,,
CANADA,UNITED STATES COAST GUARD (USCG),united states coast guard,3639
UNITED STATES,LYKES BROTHERS LINES (NEW ORLEANS; LA),,
UNITED STATES,AMERICAN EXPORT LINES (BROOKLYN; NY),,
UNITED STATES,NATIONAL SCIENCE FOUNDATION (WASHINGTON; DC),national science foundation,1381
SPAIN,US NAVY FLEET NUMERICAL OCEANOGRAPHY CENTER (FNOC),,
SWEDEN,US NAVY SHIPS OF OPPORTUNITY,,
DENMARK,US NAVY SHIPS OF OPPORTUNITY,,
JAPAN,MAIZURU MARINE LAB,,
JAPAN,JAPAN COAST GUARD; SECOND REGIONAL MARITIME SAFETY HEADQUARTERS,,
JAPAN,OKINAWA PREFECTURAL FISHERIES EXPERIMENTAL STATION,,
TONGA,COMMONWEALTH SCIENTIFIC AND INDUSTRIAL RESEARCH ORGANIZATION (CSIRO),commonwealth scientific and industrial research organisation,3945
JAPAN,JAPAN COAST GUARD; ELEVENTH REGIONAL MARITIME SAFETY HEADQUARTERS,,
LIBERIA,US DOC NOAA NOS (SEATTLE; WA),,
NETHERLANDS,US DOC NOAA NOS (SEATTLE; WA),,
BRAZIL,US DOC NOAA ATLANTIC OCEANOGRAPHIC AND METEROLOGICAL LABORATORY (AOML)-MIAMI FL,,
UNITED STATES,U.S. ENVIRONMENTAL PROTECTION AGENCY (US EPA),,
CANADA,BOWDOIN SCIENTIFIC STATION (ST JOHN; NEW BRUNSWICK),,
IRELAND,MARINE INSTITUTE OF IRELAND,institute of marine research,1351
UNITED STATES,UNIVERSITY OF HAWAII AT MANOA; HONOLULU,,
FRANCE,CENTRE NATIONAL POUR L'EXPLOITATION DES OCEANS (CNEXO),,
GREAT BRITAIN,INSTITUT FRANCAIS DE RECHERCHE POUR L'EXPLOITATION DE LA MER (IFREMER) - BREST,,
SPAIN,US DOC NOAA ERL PMEL (SEATTLE; WA),,
GREAT BRITAIN,UNIVERSITY OF MIAMI; ROSENSTIEL SCHOOL OF MARINE AND ATMOSPHERIC SCIENCE (RSMAS),"rosenstiel school of marine and atmospheric science , university of miami",1382
ESTONIA,,,
UNITED STATES,UNIV.OF CALIFORNIA;CENTER FOR REMOTE SENSING AND ENVIRONMENTAL OPTICS (CRSEO),,
JAPAN,TOTTORI PREFECTURAL FISHERIES EXPERIMENTAL STATION,,
JAPAN,AICHI PREFECTURAL FISHERIES EXPERIMENTAL STATION,,
SWEDEN,DYNALYSIS OF PRINCETON,,
UNITED STATES,FISH COMMISSION RESEARCH LAB; CLACKAMAS;OR,,
UNITED STATES,HUDSON LAB (DOBBS FERRY; NY),,
GERMANY,CENTRE NATIONAL POUR L'EXPLOITATION DES OCEANS (CNEXO),,
PANAMA,SCRIPPS INSTITUTION OF OCEANOGRAPHY; LA JOLLA; CA,scripps institution of oceanography,1390
CANADA,US DOC NOAA NOS (ROCKVILLE; MD),,
GREECE,HELLENIC NAVY HYDROGRAPHIC SERVICE (HNHS),hellenic navy hydrographic service,1004
JAPAN,TOKAI UNIV. COLLEGE OF MARINE SCIENCE AND TECHNOLOGY (SHIMIZU),,
SOVIET UNION,PACIFIC ADMIN OF FISHERIES OCEANOGRAPHY RESEARCH (TURNIF),,
JAPAN,ONAHAMA FISHERIES HIGH SCHOOL,,
UNITED STATES,US NATIONAL MUSEUM,,
GERMANY,UNIVERSITAT HAMBURG INSTITUT FUR GEOPHYSIK,,
LIBERIA,INSTITUT FRANCAIS DE RECHERCHE POUR L'EXPLOITATION DE LA MER (IFREMER) - BREST,,
GREAT BRITAIN,SIR ALISTER HARDY FOUNDATION FOR OCEAN SCIENCE (SAHFOS) (PLYMOUTH; ENGLAND),sir alister hardy foundation for ocean science,50
UNITED STATES,NATO SACLANT ASW RESEARCH CENTER (UNITED KINGDOM),,
JAPAN,JAPAN AGENCY FOR MARINE-EARTH SCIENCE AND TECHNOLOGY (JAMSTEC),,
UNITED STATES,UNIVERSITY OF CALIFORNIA; SANTA CRUZ,,
ITALY,MARINE HYDROGRAPHIC INSTITUTE (GENOA; ITALY),,
GREAT BRITAIN,UNITED KINGDOM HYDROGRAPHIC OFFICE (UKHO),united kingdom hydrographic office,26
UNITED STATES,UNIVERSITY OF CALIFORNIA; BERKLEY,,
LEBANON,SCIENTIFIC INFORMATION SYSTEMS FOR THE SEA (SISMER),"ifremer, scientific information systems for the sea",486
MEXICO,DYNALYSIS OF PRINCETON,,
ITALY,US DOC NOAA NMFS (WOODS HOLE; MA),,
UNITED STATES,BEDFORD INSTITUTE OF OCEANOGRAPHY (DARTMOUTH; NOVA SCOTIA),bedford institute of oceanography,1811
FRANCE,CENTRE D'OCEANOLOGIE DE MARSEILLE,,
JAPAN,TOKYO UNIV. OCEAN RESEARCH INST,,
FRANCE,UNIV. OF BRETAGNE OCCIDENTAL; LOP; BREST1,,
FRANCE,LABORATOIRE D'OCEANOGRAPHIE PHYSIQUE,,
FRANCE,LABORATOIRE DE MICROBIOLOGIE MARINE,,
CANADA,FISH RES BOARD OF CANADA BIOLOGICAL STATION (ST. ANDREWS),,
FRANCE,IFREMER; BE DPT POLLUANTS CHIMIQUES; BIOGEOCHIMIE ET ECOTOXICOLOGIE,,
UNITED STATES,US DOC NOAA NMFS (SEATTLE; WA),,
ARGENTINA,SERVICIO DE HIDROGRAFIA NAVAL; DEPARTAMENTO OCEANOGRAFIA (ARMADA),,
JAPAN,JAPAN METEOROLOGICAL AGENCY; CLIMATE AND MARITIME METEOROLOGY DEPARTAMENT,,
UNITED STATES,CLIVAR AND CARBON HYDROGRAPHIC DATA OFFICE (CCHDO),,
GREAT BRITAIN,UNIVERSITY OF EAST ANGLIA (UEA),,
UNITED STATES,US NAVY SCIENTIFIC,,
CHILE,US NAVY SHIPS OF OPPORTUNITY,,
GERMANY,GERMAN MERCHANT NAVY,,
SOUTH AFRICA,,,
SWEDEN,WOODS HOLE OCEANOGRAPHIC INSTITUTE (WHOI),,
JAPAN,NOU FISHERIES HIGH SCHOOL,,
JAPAN,KASUMI HIGH SCHOOL,,
HONG KONG,COMMONWEALTH SCIENTIFIC AND INDUSTRIAL RESEARCH ORGANIZATION (CSIRO),commonwealth scientific and industrial research organisation,3945
SOVIET UNION,POLAR MARINE GEOLOGICAL PROSPECTIVE EXPEDITION (PMGRE),,
RUSSIAN FEDERATION,ALL-UNION RES INST OF MARINE FISHERIES AND OCEANO (VNIRO;MOSCOW),,
UNITED STATES,UNIVERSITY OF MARYLAND;CENTER FOR ENVIRON. SCIENCE; HORN POINT LABORATORY,,
ICELAND,COUNSEIL INTERNATIONAL POUR L'EXPLORATION DE LA MER (ICES),,
CONGO; THE DEMOCRATIC REPUBLIC OF THE,ORSTOM; OCEAONOGAPHIC AND FISHERIES CENTER (BRAZZAVILLE)!,,
ARGENTINA,HYDROBIO STN OF THE NATIONAL INST FOR NATURAL SCI RES (PUERTO QUEQUEN),,
SPAIN,,,
ITALY,NATO STO CENTRE FOR MARITIME RESEARCH AND EXPERIMENTATION (NATO STO-CMRE),centre for maritime research and experimentation,4514
CYPRUS,UNIVERSITY OF CYPRUS; OCEANOGRAPHY CENTRE (OC-UCY),,
UNITED STATES,VIRGINIA INSTITUTE OF MARINE SCIENCE; GLOUCESTER PT.,,
ITALY,SCIENTIFIC INFORMATION SYSTEMS FOR THE SEA (SISMER),"ifremer, scientific information systems for the sea",486
UNITED STATES,US DOC NOAA NOS (SEATTLE; WA),,
UNITED STATES,UNIVERSITY OF NEW HAMPSHIRE; DURHAM,,
FRANCE,IRD CENTRE DE CAYENNE GUYANE,"ird, centre de cayenne- guyane",1062
FRANCE,EEP/LEPLABORATOIRE ENVIRONNEMENT PROFONDQ,,
UNITED STATES,UNIVERSITE PIERRE ET MARIE CURIE (UMPC),,
FRANCE,IRD CENTRE DE DAKAR,"ird, centre de  noumea",520
JAPAN,MIE PREFECTURAL FISHERIES EXPERIMENTAL STATION (MIE-KEN)Q,,
UNITED STATES,USC WRIGLEY INSTITUTE FOR ENVIRONMENTAL STUDIES (USC WIES),,
GERMANY,INSTITUT FUER OSTSEEFISCHEREI (IOR) (aka BALTIC SEA FISHERIES),,
UNITED STATES,UNIVERSITY OF GEORGIA (UGA),,
KOREA; REPUBLIC OF,,,
UNITED STATES,US DOC NOAA NMFS (WASH; D. C.),,
NEW ZEALAND,SCRIPPS INSTITUTION OF OCEANOGRAPHY; LA JOLLA; CA,scripps institution of oceanography,1390
UNITED STATES,WILLIAM F. CLAPP LAB INC (DUXBURY; MA),,
JAPAN,TOHOKU REGIONAL FISHERIES RES LAB (SUGINOIROIMUTE),,
COSTA RICA,US DOC NOAA ATLANTIC OCEANOGRAPHIC AND METEROLOGICAL LABORATORY (AOML)-MIAMI FL,,
SWEDEN,US NAVY FLEET NUMERICAL OCEANOGRAPHY CENTER (FNOC),,
JAPAN,UNIVERSITY OF WASHINGTON; SEATTLE,,
GREAT BRITAIN,US DOC NOAA NOS (NORFOLK; VA),,
INDONESIA,,,
JAPAN,NIIGATA PREFECTURAL FISHERIES EXPERIMENTAL STATION,,
GREAT BRITAIN,UNIV. OF ST ANDREWS;SCHOOL OF BIOLOGY;SEA MAMMAL RESEARCH UNIT (SMRU),,
UNITED STATES,UNIVERSITY OF HAWAII MARINE LAB; HONOLULU,,
GERMANY,US DOC NOAA NOS (ROCKVILLE; MD),,
LIBERIA,US DOC NOAA NOS (NORFOLK; VA),,
DENMARK,US NAVY FLEET NUMERICAL OCEANOGRAPHY CENTER (FNOC),,
CHINA,US DOC NOAA NOS (ROCKVILLE; MD),,
LATVIA,,,
UNITED STATES,US DOC NOAA NMFS (BOOTHBAY HARBOR; ME),,
ISRAEL,SCIENTIFIC INFORMATION SYSTEMS FOR THE SEA (SISMER),"ifremer, scientific information systems for the sea",486
GREAT BRITAIN,BRITISH ANTARCTIC SURVEY(BAS),british antarctic survey,6182
SOVIET UNION,KNIPOVICH POLAR RESEARCH INST.OF MARINE FISHERIES AND OCEANOGRAPHY (PINRO),,
UNITED STATES,TEXAS A&M UNIVERSITY; COLLEGE STATION (TAMU),,
ARGENTINA,INSTITUTO NACIONAL DE INVESTIGACION Y DESARROLLO PESQUERO (INIDEP),,
GREAT BRITAIN,UNIV. OF SOUTHAMPTON DEPT OF OCEANOGRAPHY,,
NETHERLANDS,SCIENTIFIC INFORMATION SYSTEMS FOR THE SEA (SISMER),"ifremer, scientific information systems for the sea",486
FRANCE,IFREMER CENTRE MANCHE - MER DU NORD,"ifremer, centre manche, mer du nord",1031
GERMANY,BRITISH OCEANOGRAPHIC DATA CENTER(BODC),,
GERMANY,FEDERAL INSTITUTE FOR GEOSCIENCES AND NATURAL RESOURCES (BGR) (HANNOVER;GERMANY),"federal institute for geosciences and natural resources , hannover",1496
GREAT BRITAIN,SCIENTIFIC INFORMATION SYSTEMS FOR THE SEA (SISMER),"ifremer, scientific information systems for the sea",486
ROMANIA,NATIONAL INSTITUTE FOR MARINE RESEARCH AND DEVELOPMENT -GRIGORE ANTIPA (NIMRD),"national institute for marine research and development ""grigore antipa""",697
RUSSIAN FEDERATION,ALL-UNION SCIENTIFIC RES INST OF MARINE GEOLOGY (UNIIMORGEO;GELENDZHIK),,
JAPAN,FUKUSHIMA PREFECTURAL FISHERIES EXPERIMENTAL STATION,,
JAPAN,SHIZUOKA PREFECTURAL FISHERIES EXPERIMENTAL STATION,,
UNITED STATES,UNIVERSITY OF TENNESSEE,,
UNITED STATES,UNIVERSITY OF SOUTH MISSISSIPPI; DEPARTMENT OF MARINE SCIENCE,,
UNITED STATES,MARCONA CORP (SAN FRANCISCO; CA),,
SOVIET UNION,ACADEMY OF SCIENCES OF THE U.S.S.R.; INSTITUTE OF ACOUSTICS (MOSCOW),,
JAPAN,US NAVY FLEET NUMERICAL OCEANOGRAPHY CENTER (FNOC),,
GERMANY,US NAVY FLEET NUMERICAL OCEANOGRAPHY CENTER (FNOC),,
JAPAN,METEOROLOGICAL AGENCY; MARINE DIVISION (KOBE; HAKODATE; NAGASAKI),,
UNITED STATES,DALHOUSIE UNIV. INST OF OCEANOGRAPHY (HALIFAX),,
SOUTH AFRICA,RHODES UNIV. DEPT OF ICHTHYOLOGY (GRAHAMSTOWN),,
GERMANY,SCIENCE APPLICATIONS INTERNATIONAL CORPORATION (SAIC) - RALEIGH; NC,,
SOVIET UNION,UKRAINIAN REGIONAL ADMIN. OF HYDROMETEROLOGY (UKRGIDROMET),,
JAPAN,YAIZU FISHERIES HIGH SCHOOL,,
JAPAN,SHIMANE PREFECTURAL BOARD OF EDUCATION,,
ANTIGUA,,,
SAMOA; WESTERN,COMMONWEALTH SCIENTIFIC AND INDUSTRIAL RESEARCH ORGANIZATION (CSIRO),commonwealth scientific and industrial research organisation,3945
COTE D'IVOIRE,,,
ICELAND,HYDRO DEPARTMENT (BRITISH HYDROGRAPHIC OFFICE),,
ESTONIA,COUNSEIL INTERNATIONAL POUR L'EXPLORATION DE LA MER (ICES),,
GREAT BRITAIN,INST NACIONAL DE PESCA (GUAYQUIL),,
GREAT BRITAIN,CANADIAN OCEANOGRAPHIC DATA CENTER (OTTAWA),,
AUSTRALIA,HYDRO DEPARTMENT (BRITISH HYDROGRAPHIC OFFICE),,
PORTUGAL,COUNCIL FOR OVERSEAS INVES CENTER FOR FISHERIES BIO (LISBON),,
FINLAND,,,
UNITED STATES,UNIVERSITY OF SOUTH FLORIDA (TAMPA),,
UNITED STATES,BERMUDA INSTITUTE OF OCEAN SCIENCES (BIOS) (LAST DATE AS BBSR: 09/2006),,
INDONESIA,UNIVERSITY OF HAWAII AT MANOA; HONOLULU,,
SOVIET UNION,MARINE HYDROPHYSICAL INSTITUTE (MHI); (SEVASTOPOL; UKRAINE),,
SOVIET UNION,SCIENTIFIC INFORMATION SYSTEMS FOR THE SEA (SISMER),"ifremer, scientific information systems for the sea",486
UNITED STATES,CALIFORNIA DEPT OF FISH AND GAME,,
UNITED STATES,SCIENCE APPLICATIONS;INC.; BELLEVUE;WA,,
AUSTRALIA,ANTARCTIC CLIMATE & ECOSYSTEMS COOPERATIVE RESEARCH CENTER (ACE CRC);TASMANIA,,
UNITED STATES,US DOC NOAA NMFS (WOODS HOLE; MA),,
UNITED STATES,US NAVAL OCEANOGRAPHIC R & D ACTIVITY (BAY ST. LOUIS; MS),,
FRANCE,NATO SACLANT ASW RESEARCH CENTER (BELGIUM),,
NORWAY,UNIV. OF BERGEN GEOPHYSICAL INST (BERGEN),,
GERMANY,NATO SACLANT ASW RESEARCH CENTER (BELGIUM),,
SOVIET UNION,DEPARTMENT OF THE STATE OCEANOGRAPHIC INSTITUTE (SEVASTOPOL),,
EAST GERMANY,INSTITUTE FUR MEERESKUNDE (INST FOR MARINE RESEARCH) (KIEL UNIVERSITY),,
RUSSIAN FEDERATION,ARCTIC AND ANTARCTIC RESEARCH INSTITUTE (AARI),"arctic and antarctic research institute, roshydromet (saint-petersburg)",684
TUNISIA,SCIENTIFIC INFORMATION SYSTEMS FOR THE SEA (SISMER),"ifremer, scientific information systems for the sea",486
CHILE,COMITE OCEANOGRAFICO NACIONAL (CONA),,
UNITED STATES,OREGON STATE UNIV.; OOI COASTAL ENDURANCE,,
FRANCE,SCOTTISH ASSOCIATION FOR MARINE SCIENCE (SAMS),scottish association for marine science,44
SWEDEN,GOTHENBURG UNIV. MARINE BOTANICAL INST (GOTHENBURG),,
UNITED STATES,STANFORD UNIVERSITY; HOPKINS MARINE STATION,,
NETHERLANDS,LAB FOR ANTI-FOULING RESEARCH (DEN HELDER),,
GREAT BRITAIN,LAB FOR ANTI-FOULING RESEARCH (DEN HELDER),,
UNITED STATES,MARINE RESOURCES RESEARCH INST (CHARLESTON; SC),,
JAPAN,KAGOSHIMA FISHERIES SENIOR HIGH SCHOOL,,
UNITED STATES,COLUMBIA UNIVERSITY; NEW YORK,,
NETHERLANDS,ROYAL NETHERLANDS METEORLOGICAL INSTITUTE (KNMI); DE BILT,,
UNKNOWN,SCRIPPS INSTITUTION OF OCEANOGRAPHY; LA JOLLA; CA,scripps institution of oceanography,1390
GERMANY,HYDRO DEPARTMENT (BRITISH HYDROGRAPHIC OFFICE),,
SOUTH AFRICA,US DOC NOAA ATLANTIC OCEANOGRAPHIC AND METEROLOGICAL LABORATORY (AOML)-MIAMI FL,,
VENEZUELA,,,
GREAT BRITAIN,ROYAL NETHERLANDS METEORLOGICAL INSTITUTE (KNMI); DE BILT,,
CHILE,MIN OF AGRICULTURE DEPT FISH AND GAME FISHERIES LAB (VALPARAISO),,
NETHERLANDS,ROYAL NETHERLANDS NAVY (THE HAGUE),,
FRANCE,NATIONAL CENTRE FOR SPACE STUDIES (CNES)A,,
FRANCE,MERCATOR-CORIOLIS MISSION GROUP (GMMC),,
UNITED STATES,MONTEREY BAY AQUARIUM RESEARCH INSTITUTE (MBARI),monterey bay aquarium research institute,3115
CANADA,DEPARTMENT OF FISHERIES AND OCEANS (DFO);FISHERIES & OCEANS CANADA after 2007,,
FRANCE,ORSTOM;OFFICE DE LA RECHERCHE(ABIDJAN),,
UNITED STATES,EDGERTON; GERMESHAUSEN AND GRIER; INC. (EG&G) BOSTON; MASS.,,
SOVIET UNION,WOODS HOLE OCEANOGRAPHIC INSTITUTE (WHOI),,
FRANCE,OPS/LPO LABORATOIRE DE PHYSIQUE DES OCEANS,,
GREAT BRITAIN,DEPARTMENT MARINE SCIENCE AND COASTAL MANAGEMENT (NEWCASTLE),newcastle university department of marine science and coastal management,2492
NORWAY,BRITISH OCEANOGRAPHIC DATA CENTER(BODC),,
JAPAN,JAPAN COAST GUARD HYDROGRAPHIC AND OCEANOGRAPHIC DEPARTMENT (TOKYO - JAPAN),,
SPAIN,CENTRO DE ESTUDIOS AVANZADOS DE BLANES (CEAB) - BLANES; SPAIN,,
RUSSIAN FEDERATION,INSTITUTE OF OCEANOLOGY; SOUTHERN BRANCH (UO IOAN),,
UNITED STATES,US DOC; NOAA; NMFS; PACIFIC ISLANDS FISHERIES SCIENCE CENTER (PIFSC)(HONOLULU),,
CANADA,US NAVY SHIPS OF OPPORTUNITY,,
UNITED STATES,UNIVERSITY OF SOUTHERN CALIFORNIA; HANCOCK FOUNDATION,,
UNITED STATES,US DOC NOAA NMFS (PASCAGOULA; MI),,
UNITED STATES,DELTA STEAMSHIP CO (NEW ORLEANS; LA),,
AUSTRALIA,US NAVY SHIPS OF OPPORTUNITY,,
ICELAND,US NAVY SHIPS OF OPPORTUNITY,,
GREAT BRITAIN,COMMONWEALTH SCIENTIFIC AND INDUSTRIAL RESEARCH ORGANIZATION (CSIRO),commonwealth scientific and industrial research organisation,3945
UNITED STATES,U.S. ENVIRONMENTAL PROTECTION AGENCY (US EPA) - TRIANGLE PARK; NC,,
DENMARK,COUNSEIL INTERNATIONAL POUR L'EXPLORATION DE LA MER (ICES),,
NETHERLANDS,COMMONWEALTH SCIENTIFIC AND INDUSTRIAL RESEARCH ORGANIZATION (CSIRO),commonwealth scientific and industrial research organisation,3945
LIBERIA,COMMONWEALTH SCIENTIFIC AND INDUSTRIAL RESEARCH ORGANIZATION (CSIRO),commonwealth scientific and industrial research organisation,3945
NEW ZEALAND,US DOC NOAA NOS (ROCKVILLE; MD),,
GREAT BRITAIN,US DOI GEOLOGICAL SURVEY; WOODS HOLE SCIENCE CENTER (USGS WHSC),,
PANAMA,US DOC NOAA ATLANTIC OCEANOGRAPHIC AND METEROLOGICAL LABORATORY (AOML)-MIAMI FL,,
GERMANY,US DOC NOAA NMFS (NARRAGANSETT; RI),,
SWEDEN,COUNSEIL INTERNATIONAL POUR L'EXPLORATION DE LA MER (ICES),,
SOVIET UNION,ALL-UNION RES INST OF MARINE FISHERIES AND OCEANO (VNIRO;ARKHANGELSK),,
FRANCE,NATO SACLANT ASW RESEARCH CENTER (FRANCE),,
NORWAY,INSTITUTE OF MARINE RESEARCH (BERGEN),institute of marine research,1351
COLOMBIA,,,
SPAIN,MEDITERRANEAN INSTITUTE FOR ADVANCED STUDIES (IMEDEA),mediterranean institute for advanced studies,957
FINLAND,FINNISH METEOROLOGICAL INSTITUTE (FMI),finnish meteorological institute,1725
UNITED STATES,UNIVERSITY OF MIAMI; ROSENSTIEL SCHOOL OF MARINE AND ATMOSPHERIC SCIENCE (RSMAS),"rosenstiel school of marine and atmospheric science , university of miami",1382
UNITED STATES,INTER-AMERICAN TROPICAL TUNA COMMISSION (LA JOLLA; CA),,
UNITED STATES,UNIVERSITY OF ALASKA; FAIRBANKS,university of alaska fairbanks,3643
GREAT BRITAIN,UNIVERSITY OF WALES BANGOR; SCHOOL OF OCEAN SCIENCES,"university of wales, school of ocean sciences",20
FRANCE,INST OF OCEANOGRAPHY AND FISHERIES,institute of oceanography and fisheries,700
GERMANY,INST OF OCEANOGRAPHY AND FISHERIES,institute of oceanography and fisheries,700
UNITED STATES,ARCTIC SUBMARINE LABORATORY (ASL); SUBMARINE FORCE US PACIFIC FLEET,,
JAPAN,TOHOKU NATIONAL FISHERIES RESEARCH INSTITUTE (TNFRI),,
FRANCE,IRD CENTRE DE BRETAGNE,"ird, centre de bretagne",440
FRANCE,IFREMER STATION DE SETE,"ifremer, station de sete",721
PERU,PERUVIAN NAVY,,
UNITED STATES,US DOC; NOAA; NOS; NCCOS; CSCOR; COASTAL OCEAN PROGRAM (COP),,
RUSSIAN FEDERATION,P.P.SHIRSHOV INSTITUTE OF OCEANOLOGY OF THE RUSSIAN ACADEMY OF SCIENCES (IO RAS),,
UNKNOWN,JAPAN AGENCY FOR MARINE-EARTH SCIENCE AND TECHNOLOGY (JAMSTEC),,
UNKNOWN,UNITED STATES COAST GUARD (USCG),united states coast guard,3639
UNITED STATES,US DOC NOAA NMFS (MONTEREY; CA),,
UNITED STATES,US DOC NOAA EDIS CEAS,,
FRANCE,US NAVY SCIENTIFIC,,
GERMANY,COLUMBUS LINE,,
MALTA,US NAVY SHIPS OF OPPORTUNITY,,
GERMANY,OFFICE DE LA RECHERCHE SCIENTIFIC ET TECHNIQUE OUTRE-MER (ORSTOM),,
FRANCE,OFFICE DE LA RECHERCHE SCIENTIFIC ET TECHNIQUE OUTRE-MER (ORSTOM),,
INDIA,INSTITUT FRANCAIS DE RECHERCHE POUR L'EXPLOITATION DE LA MER (IFREMER) - BREST,,
JAPAN,SAKAI FISHERIES HIGH SCHOOL,,
SAINT VINCENT AND THEN GRENADINES,,,
HONG KONG,,,
UNKNOWN,AUSTRALIAN OCEANOGRAPHIC DATA CENTER,,
JAPAN,JAPAN COAST GUARD; FIRST REGIONAL MARITIME SAFETY HEADQUARTERS,,
JAPAN,OFFICE DE LA RECHERCHE SCIENTIFIC ET TECHNIQUE OUTRE-MER (ORSTOM),,
NEW ZEALAND,COMMONWEALTH SCIENTIFIC AND INDUSTRIAL RESEARCH ORGANIZATION (CSIRO),commonwealth scientific and industrial research organisation,3945
SOVIET UNION,ZOOLOGICAL INSTITUTE RUSSIAN ACADEMY OF SCIENCE (ST. PETERSBURG; RU),,
GERMANY,CLIVAR AND CARBON HYDROGRAPHIC DATA OFFICE (CCHDO),,
FRANCE,NATO SACLANT ASW RESEARCH CENTER (PORTUGAL),,
ITALY,US NAVY SHIPS OF OPPORTUNITY,,
FRANCE,UNIVERSITE DE PARIS VI LABORATOIRE D'OCEANOGRAPHIE DE VILLEFRANCHE (LOV)Q,,
FRANCE,SERVICE HYDROGRAPHIQUE ET OCEANOGRAPHIQUE DE LA MARINE (SHOM) (PARIS; FRANCE),,
ARGENTINA,,,
SPAIN,SCIENTIFIC INFORMATION SYSTEMS FOR THE SEA (SISMER),"ifremer, scientific information systems for the sea",486
FRANCE,UNIVERSITE PIERRE ET MARIE CURIE (UMPC),,
BELGIUM,BRITISH OCEANOGRAPHIC DATA CENTER(BODC),,
JAPAN,TOKYO METROPOLITAN OGASAWARA FISHERIES CENTER,,
JAPAN,TOKYO METROPOLITAN FISHERIES EXPERIMENTAL STATION (TMFES),,
NEW ZEALAND,UNIVERSITY OF OTAGO,,
INDIA,UNIVERSITY OF MADRAS (UNOM),,
UNITED STATES,INTERNATIONAL PACIFIC HALIBUT COMMISSION (SEATTLE; WA),,
UNITED STATES,MOORE-MCCORMACK LINES INC (NEW YORK),,
SOVIET UNION,HYDROGRAPHIC OFFICE OF THE U.S.S.R. NAVYQ,,
SINGAPORE,US NAVY FLEET NUMERICAL OCEANOGRAPHY CENTER (FNOC),,
SPAIN,HYDROGRAPHIC INST OF THE SPANISH NAVY,hydrographic institute of the navy,1461
JAPAN,FUKUOKA FISHERIES HIGH SCHOOL,,
JAPAN,IBARAKI PREFECTURAL FISHERIES EXPERIMENTAL STATION,,
GREAT BRITAIN,CENTRE NATIONAL POUR L'EXPLOITATION DES OCEANS (CNEXO),,
NEW ZEALAND,HYDRO DEPARTMENT (BRITISH HYDROGRAPHIC OFFICE),,
GERMANY,US DOC NOAA NOS (SEATTLE; WA),,
BAHAMAS,SCRIPPS INSTITUTION OF OCEANOGRAPHY; LA JOLLA; CA,scripps institution of oceanography,1390
AUSTRALIA,AUSTRALIAN BUREAU OF METEOROLOGY (ABOM) (MELBOURNE; VICTORIA),,
UNITED STATES,FLORIDA FISH AND WILDLIFE CONSERVATION COMMISSION,,
RUSSIAN FEDERATION,SOUTHERN SCIENTIFIC CENTER; RAS (Rostov-on-Don),,
GREAT BRITAIN,FISH RES BOARD OF CANADA ARCTIC UNIT (MONTREAL),,
JAPAN,HOKKAIDO REGIONAL FISHERIES RESEARCH LAB (YOICHI),,
NETHERLANDS,CENTRE NATIONAL POUR L'EXPLOITATION DES OCEANS (CNEXO),,
UNITED STATES,UNIVERSITY OF NORTH CAROLINA; CHAPEL HILL,university of north carolina wilmington,3832
UNITED STATES,US NAVY; NAVAL POSTGRADUATE SCHOOL (NPS); (MONTEREY; CA)1,,
MISCELLANEOUS ORGANIZATION,,,
UNITED STATES,WOODWARD-CLYDE CONSULTANTS (SAN DIEGO),,
MEXICO,SCIENCE APPLICATIONS INTERNATIONAL CORPORATION (SAIC) - RALEIGH; NC,,
FRANCE,OCEANOGRAPHIC INSTITUTE OF ALGERIA (ALGIERS),,
UNITED STATES,UNIVERSITY OF GEORGIA; SCHOOL OF MARINE PROGRAMS COASTAL GIS LAB (MARSCI),,
FRANCE,UNIVERSITE DE BORDEAUX I IGBA TALENCE,,
FRANCE,UNIVERSITY OF HAWAII AT MANOA; HONOLULU,,
CHILE,INSTITUTO DE FOMENTO PESQUERO (IFOP),,
CANADA,UNIV. OF BRITISH COLUMBIA (VANCOUVER),,
AUSTRALIA,NATIONAL INSTITUTE OF WATER & ATMOSPHERE; LOWER HUTT,,
GERMANY,DUETSCHES OZEANOGRAPHICES DATENZENTRUM (DOD) HAMBURG,,
UNITED STATES,BIGELOW LAB FOR OCEAN SCIENCES; BOOTH BAY HARBOR;ME,,
FRANCE,STATION MARINE DE WIMEREUX,,
FRANCE,IFREMER STATION DE LA ROCHELLE - L'HOUMEAU,ifremer station de la rochelle-l'houmeau,518
CANADA,US DOC NOAA NMFS (WASH; D. C.),,
UNKNOWN,US DOC NOAA NOS (MIAMI; FL),,
POLAND,WOODS HOLE OCEANOGRAPHIC INSTITUTE (WHOI),,
SOVIET UNION,DEPARTMENT OF THE STATE OCEANOGRAPHIC INSTITUTE (ODESSA)1,,
UNITED STATES,APPLIED SCIENCE ASSOCIATES; INC.,,
UNITED STATES,US DOC NOAA NOS (LA JOLLA; CA),,
GERMANY,COUNSEIL INTERNATIONAL POUR L'EXPLORATION DE LA MER (ICES),,
FRANCE,COUNSEIL INTERNATIONAL POUR L'EXPLORATION DE LA MER (ICES),,
JAPAN,YAMAGATA PREFECTURAL FISHERIES EXPERIMENTAL STATION,,
JAPAN,MIYAZAKI FISHERIES HIGH SCHOOL,,
JAPAN,ISHIKAWA FISHERIES HIGH SCHOOL,,
CANADA,US DOC NOAA NOS (SEATTLE; WA),,
URUGUAY,,,
NETHERLANDS,INSTITUTE FUR MEERESKUNDE (INST FOR MARINE RESEARCH) (KIEL UNIVERSITY),,
PHILIPPINES,COMMONWEALTH SCIENTIFIC AND INDUSTRIAL RESEARCH ORGANIZATION (CSIRO),commonwealth scientific and industrial research organisation,3945
GREAT BRITAIN,ADMIRALTY HYDROGRAPHIC DEPAR.; MINISTRY OF DEFENSE **DO NOT USE SEE CODE 763**,,
ECUADOR,COLOMBIAN NAVY - CARTAGENA; CARTAGENA,,
NETHERLANDS,NAVOCEANO - US NAVAL OCEANOGRAPHIC OFFIC (BAY ST. LOUIS; MISS.),,
UNITED STATES,US SMITHSONIAN OCEANOGRAPHIC SORTING CENTER (WASHINGTON; DC),,
AUSTRALIA,,,
CANADA,,,
GERMANY,LEIBNIZ INSTITUT FUR MEERESWISSENSCHAFTEN (IFM-GEOMAR) (KIEL; GERMANY),,
ITALY,NATIONAL INSTITUTE OF OCEANOGRAPHY AND APPLIED GEOPHYSICS (OGS),"national institute of oceanography and applied geophysics - ogs, division of geophysics",150
GREAT BRITAIN,BRITISH MIN OF AG; FISH AND FOOD FISH EXP STN (CONWAY),,
TAIWAN,,,
CHINA,US DOC NOAA ERL PMEL (SEATTLE; WA),,
TURKEY,,,
UNKNOWN,WOODS HOLE OCEANOGRAPHIC INSTITUTE (WHOI),,
ICELAND,,,
CHILE,SERVICIO HIDROGRAFICO Y OCEANOGRAFICO DE LA ARMADA DE CHILE (SHOA),,
JAPAN,IWATE PREFECTURAL FISHERIES EXPERIMENTAL STATION,,
UNITED STATES,CONTINENTAL SHELF ASSOC;INC (STUART; FL)1,,
SWEDEN,UNIVERSITY OF GOTEBORG - STROMSTAD; SWEDEN,,
UNITED STATES,UNIVERSITY OF OREGON; OREGON INSTITUTE OF MARINE BIOLOGY (OIMB),,
JAPAN,METEOROLOGICAL RESEARCH INSTITUTE (TSUKUBA; JAPAN),,
GREAT BRITAIN,US NAVY SHIPS OF OPPORTUNITY,,
UNITED STATES,HUMBOLDT STATE UNIVERSITY (ARCATA; CA),,
UNITED STATES,ATLANTIC REFINING CO (DALLAS; TX),,
NETHERLANDS,US NAVY SHIPS OF OPPORTUNITY,,
COSTA RICA,,,
LIBERIA,US NAVY SHIPS OF OPPORTUNITY,,
CANADA,NATIONAL RESEARCH COUNCIL OF CANADA ATLANTIC REG LAB; HALIFAX,,
FRANCE,LABORATOIRE DE RADIOECOLOGIE MARINE CEA,,
JAPAN,UWAJIMA FISHERIES HIGH SCHOOL,,
JAPAN,OSHIMA-MINAMI HIGH SCHOOL,,
CYPRUS,,,
JAPAN,NATIONAL FISHERIES UNIVERSITY (NFU),,
BAHAMAS,INSTITUT FRANCAIS DE RECHERCHE POUR L'EXPLOITATION DE LA MER (IFREMER) - BREST,,
INDONESIA,US DOC NOAA NOS (ROCKVILLE; MD),,
GREAT BRITAIN,ADMIRALTY UNDERWATER WEAPONS ESTABLISHMENT; MINISTRY OF DEFENSE,,
JAPAN,US DOC NOAA ERL PMEL (SEATTLE; WA),,
UNITED STATES,DUKE UNIVERSITY; DURHAM;NC,,
SWEDEN,,,
ISRAEL,CENTRE D'OCEANOLOGIE DE MARSEILLE,,
ARGENTINA,SECRETARIA DE MARINA; SERVICIO DE HIDROGRAFIA NAVAL,,
UNITED STATES,US DOC NOAA NOS (NORFOLK; VA),,
DENMARK,,,
UNITED STATES,U.S NAVY;  NAVAL RESEARCH LABORATORY - STENNIS SPACE CENTER MS (NRL-SSC)!,,
JAPAN,NAGASAKI MARINE OBSERVATORY,,
NEW ZEALAND,TEXAS A&M UNIVERSITY; COLLEGE STATION (TAMU),,
JAPAN,AKITA PREFECTURAL FISHERIES EXPERIMENTAL STATION,,
JAPAN,HIROSHIMA PREFECTURAL FISHERIES EXPERIMENTAL STATION,,
UNITED STATES,US DOC NOAA CLIMATE PROGRAM OFFICE (CPO)a,,
UNITED STATES,US DOC NOAA DATA BUOY CENTER (BAY ST. LOUIS; MS),,
UNITED STATES,NEW ZEALAND OCEANOGRAPHIC INST (WELLINGTON),,
UNITED STATES,SUNY STONY BROOK; LONG ISLAND;NY,,
CANADA,UNIV. OF TORONTO (TORONTO),,
SINGAPORE,COMMONWEALTH SCIENTIFIC AND INDUSTRIAL RESEARCH ORGANIZATION (CSIRO),commonwealth scientific and industrial research organisation,3945
IRELAND,COUNSEIL INTERNATIONAL POUR L'EXPLORATION DE LA MER (ICES),,
PHILIPPINES,,,
NETHERLANDS,AUSTRALIAN OCEANOGRAPHIC DATA CENTER,,
HONDURAS,,,
RUSSIAN FEDERATION,STATE AZOV-DON BASIN ADMINISTRATION OF WATERWAY AND NAVIGATION,,
GREAT BRITAIN,UNIV. OF DURHAM KINGS COLLEGE (CULLERCOATS),,
TURKEY,MIDDLE EAST TECHNICAL UNIVERSITY; INSTITUTE OF MARINE SCIENCES (IMS),"institute of marine sciences, middle east technical university",696
UNITED STATES,OREGON STATE UNIVERSITY; CORVALLIS,,
UNITED STATES,ALASKA DEPARTMENT OF FISH AND GAME; FAIRBANKS,,
CHINA,NATIONAL BUREAU OF OCEANOGRAPHY,national institute of oceanography,2119
FRANCE,CENTRE DE FORMATION ET DE RECHERCHE SUR LES ENVIRONNEM.MEDITERRANEENS (CEFREM),,
TURKEY,SCIENTIFIC INFORMATION SYSTEMS FOR THE SEA (SISMER),"ifremer, scientific information systems for the sea",486
SOVIET UNION,ALL-UNION SCIENTIFIC RES INST OF MARINE GEOLOGY (UNIIMORGEO;GELENDZHIK),,
PORTUGAL,BRITISH OCEANOGRAPHIC DATA CENTER(BODC),,
JAPAN,JAPAN HYDROGRAPHIC ASSOCIATION; MARINE INFORMATION RESEARCH CENTER,,
CYPRUS,SCIENTIFIC INFORMATION SYSTEMS FOR THE SEA (SISMER),"ifremer, scientific information systems for the sea",486
SWEDEN,FINLAND INSTITUTE OF MARINE RESEARCH (FIMR),institute of marine research,1351
AUSTRALIA,AUSTRALIAN NAVY,,
GREAT BRITAIN,LAMONT-DOHERTY GEOLOGICAL OBSERVATORY; PALISADES;NY,,
GERMANY,HELMHOLTZ-ZENTRUM HEREONA,,
JAPAN,JAPANESE HYDROGRAPHIC OFFICE,,
GERMANY,UNIV. OF HAMBURG INST FOR HYDROBIO AND FISH SCIENCE (HAMBURG) (IHFHH),,
GERMANY,INSTITUT FUER FISCHEREIOEKOLOGIE DER BFA HAMBURG (IFOE),,
CANADA,QUEBEC DEPARTMENT OF FISHERIES; BIOLOGICAL CENTER (QUEBEC),,
GREAT BRITAIN,SCRIPPS INSTITUTION OF OCEANOGRAPHY; LA JOLLA; CA,scripps institution of oceanography,1390
LIBERIA,SCRIPPS INSTITUTION OF OCEANOGRAPHY; LA JOLLA; CA,scripps institution of oceanography,1390
ECUADOR,US NAVY FLEET NUMERICAL OCEANOGRAPHY CENTER (FNOC),,
NEW ZEALAND,AUSTRALIAN OCEANOGRAPHIC DATA CENTER,,
URUGUAY,US DOC NOAA ATLANTIC OCEANOGRAPHIC AND METEROLOGICAL LABORATORY (AOML)-MIAMI FL,,
UKRAINE,,,
CANADA,CANADIAN OCEANOGRAPHIC DATA CENTER (OTTAWA),,
AUSTRALIA,MARINE LAB ZOOLOGY DEPT UNIV. OF NEW ENGLAND (ARMIDALE),,
SOVIET UNION,SAKHALIN REGIONAL ADMIN.OF HYDROMETEOROL;ROSHYDROMET (SAKHALINHYDROMET),,
PORTUGAL,MISSAO DE ESTUDOS BIOCEANOLOGICOS E DE PESCAS DE ANGOLA (MEBPA)(LOBITO;ANGOLA),,
SENEGAL,,,
POLAND,,,
CHINA,STATE OCEANIC ADMINISTRATION; SECOND INSTITUTE OF OCEANOGRAPHY (SIO)- HANGZHOU,,
UNITED STATES,INTEGRATED OCEAN OBSERVING SYSTEM; GREAT LAKES OBSERVING SYSTEM (GLOS),,
UNITED STATES,UNIVERSITY OF MINNESOTA; LARGE LAKES OBSERVATORY,,
GERMANY,INSTITUTE OF SEA FISHERIES; former FED.RESEARCH CENTRE FOR FISHIRIES,,
UNITED STATES,UNIVERSITY OF ALASKA; IMS; FAIRBANKS,university of alaska fairbanks,3643
GERMANY,INSTITUT FUR MEERESFORSCHUNG (BREMERHAVEN),,
SOVIET UNION,P.P.SHIRSHOV INSTITUTE OF OCEANOLOGY OF THE RUSSIAN ACADEMY OF SCIENCES (IO RAS),,
GREAT BRITAIN,FISHERIES INST; MINISTRY OF AGRICULTURE,"ministry of agriculture, fisheries service",5015
FRANCE,LABORATOIRE D'ETUDES EN GEOPHYSIQUE ET OCEANOGRAPHIE SPATIALES (LEGOS) TOULOUSE,,
CHILE,,,
UNITED STATES,US DOC NOAA NOS COASTAL SERVICES CENTER (CHARLESTON; SC - USA),,
UNITED STATES,YALE UNIVERSITY; NEW HAVEN; CT,,
CANADA,ATLANTIC OCEANOGRAPHIC LABORATORY,,
UNITED STATES,BROOKHAVEN NATIONAL LABORATORY (UPTON; N. Y.),,
NETHERLANDS,COUNSEIL INTERNATIONAL POUR L'EXPLORATION DE LA MER (ICES),,
GREAT BRITAIN,COUNSEIL INTERNATIONAL POUR L'EXPLORATION DE LA MER (ICES),,
NORWAY,US DOC NOAA NOS (ROCKVILLE; MD),,
GREAT BRITAIN,NATO SACLANT ASW RESEARCH CENTER (UNITED KINGDOM),,
PORTUGAL,NATO SACLANT ASW RESEARCH CENTER (PORTUGAL),,
UNITED STATES,DEFENCE SCIENTIFIC ESTABLISHMENT (AUCKLAND),,
GREAT BRITAIN,HUDSON LAB (DOBBS FERRY; NY),,
KOREA; REPUBLIC OF,KOREAN OCEAN RESEARCH AND DEVELOPMENT INSTITUTE (KORDI),,
EUROPEAN UNION,,,
BULGARIA,,,
AUSTRALIA,AUSTRALIAN NATIONAL FACILITY FOR OCEAN GLIDERS (ANFOG),,
GERMANY,GEOMAR HELMHOLTZ CENTRE FOR OCEAN RESEARCH KIEL,helmholtz centre for ocean research kiel,2947
GREECE,HELLENIC CENTRE FOR MARINE RESEARCH (HCMR); former NATIONAL CMR (06.2003),,
UNITED STATES,US DOC; NOAA; NMFS; RESOURCE ASSESSMENT&CONSERVATION ENGINEERING (RACE) DIVISION,,
GERMANY,UNIVERSITY OF BREMEN,,
FRANCE,CENTRE DE RECHERCHES EN PHYSIQUE DE L'ENVIRONNEMENT TERRESTRE ET PLANETAIRE(CETP,,
GREAT BRITAIN,DEFENCE RESEARCH AGENCY;  MINISTRY OF DEFENSE,,
SPAIN,UNIVERSIDAD DE LAS ISLAS BALEARES (UNIVERSITAT DE LES ILLES BALEARS); SPAIN,,
JAPAN,AGENCY FOR ASSESSMENT & APPLICATION OF TECHNOLOGY (BPPT) (JAKARTA; INDONESIA),,
JAPAN,KYOTO PREFECTURAL OCEANOGRAPHIC CENTER,,
GREAT BRITAIN,UNIV. OF CAMBRIDGE (CAMBRIDGE),,
CANADA,UNIVERSITE LAVAL; QUEBEC OCEAN,,
PANAMA,,,
CANADA,INSTITUTE MAURICE LAMONTAGNE; RIMOUSKI; PQ,,
UNITED STATES,UNIVERSITY OF MAINE (ORONO; MAINE - USA)Q,,
JAPAN,CENTRAL METEOROLOGICAL OBSERVATORY,,
UNITED STATES,UNITED KINGDOM HYDROGRAPHIC OFFICE (UKHO),united kingdom hydrographic office,26
GERMANY,HELGOLAND BIOLOGICAL STATIONS (HELGOLAND AND LIST AUF SYLT),,
THAILAND,THAI NAVY HYDROGRAPHIC OFFICE,,
UNITED STATES,HARVARD UNIVERSITY; CAMBRIDGE;MA,,
CHILE,US NAVY FLEET NUMERICAL OCEANOGRAPHY CENTER (FNOC),,
SINGAPORE,SCRIPPS INSTITUTION OF OCEANOGRAPHY; LA JOLLA; CA,scripps institution of oceanography,1390
MADAGASCAR,,,
PERU,US DOC NOAA ATLANTIC OCEANOGRAPHIC AND METEROLOGICAL LABORATORY (AOML)-MIAMI FL,,
JAPAN,US DOC NOAA ATLANTIC OCEANOGRAPHIC AND METEROLOGICAL LABORATORY (AOML)-MIAMI FL,,
PORTUGAL,UNIVERSITY OF LISBON,,
JAPAN,MIYAKO FISHERIES HIGH SCHOOL,,
THAILAND,,,
CROATIA,,,
DENMARK,HYDRO DEPARTMENT (BRITISH HYDROGRAPHIC OFFICE),,
GERMANY,US DOC NOAA ATLANTIC OCEANOGRAPHIC AND METEROLOGICAL LABORATORY (AOML)-MIAMI FL,,
UNITED STATES,US DOC; NOAA; NMFS; ALASKA FISHERIES SCIENCE CENTER (AFSC) (SEATTLE),,
ROMANIA,,,
UNITED STATES,US DOC NOAA NMFS SOUTHEAST FISHERIES SCIENCE CENTER (GALVESTON),,
GREAT BRITAIN,DEFENCE SCIENTIFIC ESTABLISHMENT (AUCKLAND),,
UNITED STATES,US DOC NOAA NMFS (ASHLAND; WI),,
UNITED STATES,US MERCHANT SHIPS OF OPPORTUNITY,,
SIERRA LEONE,MIN OF NATURAL RESOURCES FISHERIES DIV (FREETOWN),,
SOVIET UNION,PPO YUGRYBPOISK,,
JAPAN,JAPAN METEOROLOGICAL AGENCY (JMA),japan meteorological agency,1778
UNITED STATES,US DOC NOAA ERL PMEL (SEATTLE; WA),,
UNITED STATES,NORTH CAROLINA STATE UNIVERSITY,,
GREAT BRITAIN,DUNSTAFFNAGE MARINE LABORATORY; THE SCOTTISH ASSOCIATION FOR MARINE SCIENCE,scottish association for marine science,44
FRANCE,WOODS HOLE OCEANOGRAPHIC INSTITUTE (WHOI),,
SOVIET UNION,FAR EASTERN REGIONAL HYDROMETEOROLOGICAL RESEARCH INSTITUTE; FERHRI,far eastern regional hydrometeorological research institute,756
AUSTRALIA,COMMONWEALTH SCIENTIFIC AND INDUSTRIAL RESEARCH ORGANIZATION (CSIRO),commonwealth scientific and industrial research organisation,3945
UNITED STATES,EBASCO ENVIRONMENTAL; BELLEVUE; WA,,
CHINA,WOODS HOLE OCEANOGRAPHIC INSTITUTE (WHOI),,
JAPAN,FISHERIES AGENCY OF JAPAN (JFA) TOKYO,,
FRANCE,UNIVERSITE DE BORDEAUX I DEPARTEMENT DE GEOLOGIE ET OCEANOGRAPHIE,,
NORWAY,NORWEGIAN POLAR INSTITUTE,,
CHINA,NATIONAL OCEANOGRAPHIC DATA CENTER OF THE PEOPLES REPUBLIC OF CHINA (CNODC),,
UNITED STATES,DEPARTMENT OF FISHERIES AND OCEANS; INSTITUTE OF OCEAN SCIENCES (SIDNEY; B. C.),,
GERMANY,CARL VON OSSIETZKY UNIVERSITAT,,
JAPAN,YAMAGUCHI PREFECTURAL FISHERIES EXPERIMENTAL STATION,,
JAPAN,TOHOKU UNIVERSITY,,
ARGENTINA,SERVICIO HIDROGRAFICO Y OCEANOGRAFICO DE LA ARMADA DE CHILE (SHOA),,
FRANCE,CNRS COM LABORATOIRE D'OCEANOGRAPHIE ET DE BIOGEOCHIMIE - ENDOUME,,
PERU,PERUVIAN GOVERNMENT,,
ITALY,CENTRAL HYDROBIOLOGICAL LAB (ROME),,
UNITED STATES,PRUDENTIAL LINES INC (NEW YORK),,
JAPAN,WOODS HOLE OCEANOGRAPHIC INSTITUTE (WHOI),,
GERMANY,INSTITUT FUER GEOLOGIE DER UNIVERSITAET MUENSTER (IGUMUE) (MUENSTER),,
SOUTH AFRICA,UNIV. OF THE WITWATERSRAND,,
JAPAN,JAPAN COAST GUARD; EIGHTH REGIONAL MARITIME SAFETY HEADQUARTERS,,
JAPAN,SEIKAI REGIONAL FISHERIES RESEARCH LAB (NAGASAKI-SHI),,
JAPAN,TADOTSU FISHERIES HIGH SCHOOL,,
JAPAN,KYOTO PREFECTURAL KAIYO HIGH SCHOOL,,
JAPAN,KUMAMOTO REIYO FISHERIES HIGH SCHOOL,,
CYPRUS,COMMONWEALTH SCIENTIFIC AND INDUSTRIAL RESEARCH ORGANIZATION (CSIRO),commonwealth scientific and industrial research organisation,3945
BAHAMAS,OFFICE DE LA RECHERCHE SCIENTIFIC ET TECHNIQUE OUTRE-MER (ORSTOM),,
KOREA; REPUBLIC OF,KOREA METEOROLOGICAL ADMINISTRATION; METEOROLOGICAL RESEARCH INSTITUTE (METRI),,
KOREA; REPUBLIC OF,KOREA INSTITUTE OF OCEAN SCIENCE AND TECHNOLOGY (KIOST),,
UNITED STATES,FLORIDA STATE UNIV.; TALLAHASSEE,,
LEBANON,,,
UNITED STATES,UNIVERSITY OF WASHINGTON; APPLIED PHYSICS LABORATORY (APL),,
UNITED STATES,UNIVERSITY OF MAINE; WALPOLE,,
FRANCE,CENTRE NATIONAL DE LA RECHERCHE SCIENTIFIQUE (CNRS),,
UNITED STATES,CENTRE D'OCEANOLOGIE DE MARSEILLE,,
UNITED STATES,UNITED STATES COAST GUARD (USCG),united states coast guard,3639
GREAT BRITAIN,UNIV. OF LIVERPOOL (LIVERPOOL),,
GERMANY,INSTITUTE FUR MEERESKUNDE (INST FOR MARINE RESEARCH) (KIEL UNIVERSITY),,
CANADA,DEPT OF THE ENVIR MARINE SCIENCES BRANCH PACIFIC REGION (VICTORIA),,
UNITED STATES,PACIFIC OCY LAB (NOW US DOC NOAA ERL PMEL USE I313F),,
GREECE,SCIENTIFIC INFORMATION SYSTEMS FOR THE SEA (SISMER),"ifremer, scientific information systems for the sea",486
JAPAN,INSTITUTO NACIONAL DE INVESTIGACION Y DESARROLLO PESQUERO (INIDEP),,
GERMANY,INSTITUTO NACIONAL DE INVESTIGACION Y DESARROLLO PESQUERO (INIDEP),,
INDONESIA,LAMONT-DOHERTY GEOLOGICAL OBSERVATORY; PALISADES;NY,,
NORWAY,UNIVERSITY OF BERGEN,university of bergen,544
SAUDI ARABIA,,,
CANADA,FISHERIES RESEARCH BOARD OF CANADA ATLANTIC OCEANOGRAPHIC GROUP (DARTMOUTH),,
PERU,NAVOCEANO - US NAVAL OCEANOGRAPHIC OFFIC (BAY ST. LOUIS; MISS.),,
UNITED STATES,US DOC NOAA NMFS (MIAMI; FL),,
CANADA,CENTRE NATIONAL POUR L'EXPLOITATION DES OCEANS (CNEXO),,
GERMANY,MAX-PLANCK-INSTITUT FUER METEOROLOGIE (MPIMHH) (HAMBURG)a,,
POLAND,US DOC NOAA NMFS (WOODS HOLE; MA),,
LIBERIA,US DOC; NOAA; NMFS SOUTHWEST FISHERIES SCIENCE CENTER (SWFSC) (LA JOLLA; CA),,
NEW ZEALAND,AUSTRALIAN NAVY,,
JAPAN,JAPAN SEA NATIONAL RESEARCH INSTITUTE,,
JAPAN,KAMO FISHERIES HIGH SCHOOL,,
ITALY,NATO SACLANT ASW RESEARCH CENTER (BELGIUM),,
BAHAMAS,,,
JAPAN,JAPAN COAST GUARD; THIRD REGIONAL MARITIME SAFETY HEADQUARTERS,,
GREAT BRITAIN,US DOC NOAA ATLANTIC OCEANOGRAPHIC AND METEROLOGICAL LABORATORY (AOML)-MIAMI FL,,
LIBERIA,US DOC NOAA ATLANTIC OCEANOGRAPHIC AND METEROLOGICAL LABORATORY (AOML)-MIAMI FL,,
SEYCHELLES,,,
ITALY,HYDRO DEPARTMENT (BRITISH HYDROGRAPHIC OFFICE),,
CANADA,ENVIRONMENT CANADA,,
NIGERIA,,,
GHANA,,,
CANADA,FISH RES BOARD OF CANADA ARCTIC UNIT (MONTREAL),,
UNITED STATES,GEORGE WASHINGTON UNIV.; WASH.; D.C.,,
GREAT BRITAIN,,,
NETHERLANDS,,,
,,,
UNITED STATES,QUANTUS;INC (OAKRIDGE;TN),,
NEW ZEALAND,NATIONAL INSTITUTE OF WATER & ATMOSPHERIC RESEARCH LTD (NIWA); AUCKLAND,national institute of water and atmospheric research (duplicate),3739
UNITED STATES,SCIENCE APPLICATIONS INTERNATIONAL CORPORATION (SAIC) - RALEIGH; NC,,
UNITED STATES,DUKE/UNC OCEANOGRAPHIC CONSORTIUM,,
ISRAEL,,,
EGYPT,SCIENTIFIC INFORMATION SYSTEMS FOR THE SEA (SISMER),"ifremer, scientific information systems for the sea",486
NAMIBIA,,,
GERMANY,BALTIC SEA RESEARCH INSTITUTE WARNEMUNDE (IOW),,
ICELAND,MARINE RESEARCH INSTITUTE (MRI) (HAFRANNSOKNASTOFNUNIN) (REYKJAVIK),,
JAPAN,WAKAYAMA PREFECTURAL FISHERIES EXPERIMENTAL STATION,,
ITALY,NATIONAL AGENCY FOR NEW TECHNOLOGIES; ENERGY AND THE ENVIRONMENT (ENEA),,
CANADA,UNIVERSITY OF VICTORIA; OCEAN NETWORKS CANADA (ONC),,
UNITED STATES,CARIBBEAN COASTAL OCEAN OBSERVING SYSTEM (CARICOOS),,
CANADA,SCRIPPS INSTITUTION OF OCEANOGRAPHY; LA JOLLA; CA,scripps institution of oceanography,1390
JAPAN,TOKYO UNIV. OF FISHERIES (TOKYO),,
UNITED STATES,FARRELL LINES (NEW YORK; NY),,
SOUTH AFRICA,NAT'L RESEARCH INSTITUTE FOR OCEANOLOGY,,
UNITED STATES,US NAVY FLEET NUMERICAL OCEANOGRAPHY CENTER (FNOC),,
NEW ZEALAND,NEW ZEALAND ROYAL NAVY,,
AUSTRALIA,SCRIPPS INSTITUTION OF OCEANOGRAPHY; LA JOLLA; CA,scripps institution of oceanography,1390
JAPAN,NANSEI REGIONAL FISHERIES RESEARCH LABORATORY,,
LIBERIA,,,
JAPAN,NAKAMINATO FISHERIES HIGH SCHOOL,,
ANTIGUA,COMMONWEALTH SCIENTIFIC AND INDUSTRIAL RESEARCH ORGANIZATION (CSIRO),commonwealth scientific and industrial research organisation,3945
KUWAIT,,,
CYPRUS,SCRIPPS INSTITUTION OF OCEANOGRAPHY; LA JOLLA; CA,scripps institution of oceanography,1390
UNITED STATES,INSTITUTO ESPANOL DE OCEANOGRAFIA (aka SPANISH INST OF OCEANOGRAPHY) (MADRID),,
UNITED STATES,MARINE ACOUSTICAL SERVICES INC,,
GERMANY,BUNDESAMT FUR SEESCHIFFAHRT UND HYDROGRAPHIE (BSH); HAMBURG,,
JAPAN,OKINAWA INSTITUTE OF SCIENCE AND TECHNOLOGY (OIST),,
UNITED STATES,U.S. NAVY,,
SOVIET UNION,,,
FRANCE,LAMONT-DOHERTY GEOLOGICAL OBSERVATORY; PALISADES;NY,,
CANADA,US DOC NOAA ERL PMEL (SEATTLE; WA),,
SOUTH AFRICA,SEA FISHERIES RESEARCH INSTITUTE (SFRI) - CAPE TOWN,,
JAPAN,JAPAN OCEANOGRAPHIC DATA CENTER (JODC),,
GERMANY,LAMONT-DOHERTY GEOLOGICAL OBSERVATORY; PALISADES;NY,,
UNITED STATES,SEA EDUCATION ASSOCIATION (Wood Hole; MA),,
FRANCE,CEA LABORATOIRE DES SCIENCES DU CLIMAT ET DE L' ENVIRONNEMENT,,
FRANCE,IFREMER STATION DE LA TREMBLADE,"ifremer, station de la tremblade",1056
CANADA,DEPARTMENT OF FISHERIES AND OCEANS; INSTITUTE OF OCEAN SCIENCES (SIDNEY; B. C.),,
FRANCE,IRD CENTRE DE PAPEETE,"ird, centre de papeete",1066
CHINA,LAMONT-DOHERTY GEOLOGICAL OBSERVATORY; PALISADES;NY,,
PERU,INSTITUTO DEL MAR DEL PERU (IMARPE); CALLAO; PERU,,
ALGERIA,SCIENTIFIC INFORMATION SYSTEMS FOR THE SEA (SISMER),"ifremer, scientific information systems for the sea",486
NETHERLANDS,NATIONAL INST OF OCEANOGRAPHY (GOA; INDIA),,
JAPAN,HOKKAIDO NATIONAL FISHERIES RESEARCH INSTITUTE (HNF),,
UNITED STATES,HYDRO DEPARTMENT (BRITISH HYDROGRAPHIC OFFICE),,
UNKNOWN,US NAVY SHIPS OF OPPORTUNITY,,
COLOMBIA,COLOMBIAN NAVY - CARTAGENA; CARTAGENA,,
PERU,SCRIPPS INSTITUTION OF OCEANOGRAPHY; LA JOLLA; CA,scripps institution of oceanography,1390
ECUADOR,INST NACIONAL DE PESCA (GUAYQUIL),,
UNITED STATES,SUSIO; ST. PETERSBURG; FL,,
GERMANY,SCRIPPS INSTITUTION OF OCEANOGRAPHY; LA JOLLA; CA,scripps institution of oceanography,1390
UNITED STATES,UNIVERSITY OF PUERTO RICO; DEPARTMENT OF MARINE SCIENCES - MAYAGUEZ,,
FRANCE,SCRIPPS INSTITUTION OF OCEANOGRAPHY; LA JOLLA; CA,scripps institution of oceanography,1390
JAPAN,SCRIPPS INSTITUTION OF OCEANOGRAPHY; LA JOLLA; CA,scripps institution of oceanography,1390
BRAZIL,DIRECTORIA DE HIDROGRAFIA E NAVAGACAO (DHN),,
CANADA,DEPT. OF FISHERIES AND OCEANS; FISHERIES MANAGEMENT RESOURCES BRANCH,,
GREAT BRITAIN,BRITISH METEOROLOGICAL OFFICE (MET OFFICE) (UKMO),,
PANAMA,INSTITUTE FUR MEERESKUNDE (INST FOR MARINE RESEARCH) (KIEL UNIVERSITY),,
SOVIET UNION,MURMANSK MARINE BIOLOGICAL INSTITUTE OF ACADEMY OF SCIENCES (MMBI),,
JAPAN,MISAKI FISHERIES HIGH SCHOOL,,
MAURITIUS,INSTITUT FRANCAIS DE RECHERCHE POUR L'EXPLOITATION DE LA MER (IFREMER) - BREST,,
FRANCE,BUNDESAMT FUR SEESCHIFFAHRT UND HYDROGRAPHIE (BSH); HAMBURG,,
UNITED STATES,US DOI FWS (WASHINGTON; DC),,
MONACO,INSTITUT FRANCAIS DE RECHERCHE POUR L'EXPLOITATION DE LA MER (IFREMER) - BREST,,
CHINA,,,
FRANCE,,,
GERMANY,,,
JAPAN,,,
UNITED STATES,UNIVERSITY OF SOUTH FLORIDA (ST. PETERSBURG),,
UNITED STATES,SCIENTIFIC INFORMATION SYSTEMS FOR THE SEA (SISMER),"ifremer, scientific information systems for the sea",486
DENMARK,FAROESE FISHERIES LABORATORY (FFL),faroese fisheries laboratory,1780
UNITED STATES,CALIFORNIA MARITIME ACADEMY; VALLEJO,,
GREAT BRITAIN,WOODS HOLE OCEANOGRAPHIC INSTITUTE (WHOI),,
UNITED STATES,UNIV. OF SOUTHAMPTON DEPT OF OCEANOGRAPHY,,
FRANCE,IFREMER CENTRE DE TOULONA,"ifremer, centre de bretagne",848
ARGENTINA,INSTITUTO ANTARTICO ARGENTINO (IAA),,
JAPAN,HAKODATE MARINE OBSERVATORY,,
SOVIET UNION,BRITISH MIN OF AG; FISH AND FOOD FISH EXP STN (CONWAY),,
INDONESIA,AGENCY FOR ASSESSMENT & APPLICATION OF TECHNOLOGY (BPPT) (JAKARTA; INDONESIA),,
PERU,,,
ITALY,UNITED KINGDOM HYDROGRAPHIC OFFICE (UKHO),united kingdom hydrographic office,26
UNITED STATES,"""SANDY HOOK MARINE LABORATORY""(NOAA FS;HEFSC;JAMES J.HOWARD MARINE SCIENCES LAB)",,
CANADA,STATION DE BIOLOGIE MARINE (GRANDE RIVIERE;QUE),,
UNITED STATES,WALLA WALLA COLLEGE; WALLA WALLA,,
GERMANY,KERNFORSCHUNGSANLAGE JUELICH- ATMOSPHAERISCHE CHEMIE (KFAAC) (JUELICH),,
UNITED STATES,US DOC NOAA NATIONAL WEATHER SERVICE,,
SOVIET UNION,PACIFIC RES INST OF FISH AND OCY (TINRO; AND OTHERS),,
JAPAN,SHIMANE PREFECTURAL FISHERIES EXPERIMENTAL STATION,,
UNKNOWN,COMMONWEALTH SCIENTIFIC AND INDUSTRIAL RESEARCH ORGANIZATION (CSIRO),commonwealth scientific and industrial research organisation,3945
PANAMA,US DOC NOAA NOS (ROCKVILLE; MD),,
GREAT BRITAIN,FISH RES BOARD OF CANADA PACIFIC OCEANOGRAPHIC GROUP (NANAIMO),,
UNITED STATES,INST NACIONAL DE PESCA (GUAYQUIL),,
NEW ZEALAND,,,
GREECE,,,
MEXICO,,,
SPAIN,OCEANIC PLATFORM OF THE CANARY ISLANDS (PLOCAN),oceanic platform of the canary islands,3497
FRANCE,INSTITUT FRANCAIS DE RECHERCHE POUR L'EXPLOITATION DE LA MER (IFREMER) - BREST,,
UNITED STATES,UNIVERSITY OF GEORGIA; SKIDAWAY INSTITUTE OF OCEANOGRAPHY,"university of hamburg, institute of oceanography",1156
UNITED STATES,NAVOCEANO - US NAVAL OCEANOGRAPHIC OFFIC (BAY ST. LOUIS; MISS.),,
SOVIET UNION,UNIVERSITY OF ALASKA; IMS; FAIRBANKS,university of alaska fairbanks,3643
FRANCE,IRD CENTRE DE MONTPELLIER,"ird, centre de montpellier",1065
FRANCE,UNIVERSITE DES SCIENCES ET TECHNOLOGIES DE LILLE (WIMEREUX; FRANCE),,
JAPAN,JAPANESE MARITIME SELF DEFENSE FORCE,,
UNITED STATES,UNIVERSITY OF COLORADO - BOULDER,,
CANADA,UNIVERSITE LAVAL; ARCTICNET INC.,,
FRANCE,ACRI GROUP,,
UNKNOWN,US NAVY SCIENTIFIC,,
UNITED STATES,SEA LAND SERVICE INC (ELIZABETH; NJ),,
GREAT BRITAIN,NATIONAL ENVIRONMENT RESEARCH COUNCIL; INSTITUTE OF OCEANOGRAPHIC SCIENCES,,
SPAIN,US NAVY SHIPS OF OPPORTUNITY,,
JAPAN,JAPAN COAST GUARD; NINTH REGIONAL MARITIME SAFETY HEADQUARTERS,,
GERMANY,INSTITUT FRANCAIS DE RECHERCHE POUR L'EXPLOITATION DE LA MER (IFREMER) - BREST,,
SOVIET UNION,NORTHERN DIRECTORATE OF FISHERIES (SRPR)1,,
JAPAN,OHAMA FISHERIES HIGH SCHOOL,,
BAHAMAS,COMMONWEALTH SCIENTIFIC AND INDUSTRIAL RESEARCH ORGANIZATION (CSIRO),commonwealth scientific and industrial research organisation,3945
JAPAN,INSTITUT FRANCAIS DE RECHERCHE POUR L'EXPLOITATION DE LA MER (IFREMER) - BREST,,
LITHUANIA,COUNSEIL INTERNATIONAL POUR L'EXPLORATION DE LA MER (ICES),,
GERMANY,INST FOR NETS AND GEAR INVESTIGATION (HAMBURG-ALTONA) (IFH),,
UNITED STATES,SCRIPPS INSTITUTION OF OCEANOGRAPHY; LA JOLLA; CA,scripps institution of oceanography,1390
SOUTH AFRICA,SOUTH AFRICAN DATA CENTRE FOR OCEANOGRAPHY,,
UNITED STATES,UNIVERSITY OF RHODE ISLAND; GSO (NARRAGANSETT; RI),,
UNITED STATES,LAMONT-DOHERTY GEOLOGICAL OBSERVATORY; PALISADES;NY,,
PORTUGAL,,,
JAPAN,KOBE MARINE OBSERVATORY,,
UNITED STATES,US DOC NOAA NOS (SILVER SPRING; MD),,
JAPAN,TOYAMA PREFECTURAL FISHERIES EXPERIMENTAL STATION,,
JAPAN,HYOGO PREFECTURAL FISHERIES EXPERIMENTAL STATION,,
JAPAN,MAIZURU MARINE OBSERVATORY; JMA,,
CANADA,FISH RES BOARD OF CANADA PACIFIC OCEANOGRAPHIC GROUP (NANAIMO),,
AUSTRALIA,FLINDERS UNIV. OF S. AUSTRALIA; HORACE LAMB CENTRE FOR OC. RES.,,
CANADA,WOODS HOLE OCEANOGRAPHIC INSTITUTE (WHOI),,
GERMANY,MARINEAMT; ABTEILUNG GEOPHYSIK WILHELMSHAVEN (MAWHV) (WILHELMSHAVEN),,
UNITED STATES,US DOI/US GEOLOGICAL SURVEY; HEADQUARTERS & EASTERN REGION (RESTON; VA),,
GERMANY,US NAVY SHIPS OF OPPORTUNITY,,
JAPAN,US NAVY SHIPS OF OPPORTUNITY,,
FRANCE,US NAVY SHIPS OF OPPORTUNITY,,
CANADA,CANADIAN CENTER FOR INLAND WATERS; BAYFIELD LAB (BURLINGTON),,
CHINA,US NAVY SHIPS OF OPPORTUNITY,,
LIBERIA,TEXAS A&M UNIVERSITY; COLLEGE STATION (TAMU),,
PANAMA,INSTITUT FRANCAIS DE RECHERCHE POUR L'EXPLOITATION DE LA MER (IFREMER) - BREST,,
JAPAN,FUNAGAWA FISHERIES HIGH SCHOOL,,
JAPAN,OKI FISHERIES HIGH SCHOOL,,
MEXICO,US DOC NOAA ATLANTIC OCEANOGRAPHIC AND METEROLOGICAL LABORATORY (AOML)-MIAMI FL,,
SINGAPORE,US DOC NOAA NOS (ROCKVILLE; MD),,
ECUADOR,,,
NORWAY,HYDRO DEPARTMENT (BRITISH HYDROGRAPHIC OFFICE),,
JAPAN,NAGASAKI UNIV. FISHERIES INST (NAGASAKI)!,,
RUSSIAN FEDERATION,DON ESTUARY STATION (Azov),,
POLAND,COUNSEIL INTERNATIONAL POUR L'EXPLORATION DE LA MER (ICES),,
NORWAY,NATO SACLANT ASW RESEARCH CENTER (BELGIUM),,
VENEZUELA,MIN OF AG AND LIVESTOCK DIV OF FISH AND GAME FISH BIO LAB (CAIGUIRE-CUMANA,,
